iteration,loss,epsilon,eval_reward,avg_pieces_placed,avg_score,timestamp
10000,2468.893889,0.9010,-709.4219,0.00,0.00,2026-04-08T14:25:52.236789
20000,612.812508,0.8020,-515.2663,0.00,0.00,2026-04-08T14:44:57.459991
30000,546.161960,0.7030,-685.2037,0.00,0.00,2026-04-08T15:03:51.503059
40000,853.464151,0.6040,-682.7550,0.00,0.00,2026-04-08T15:22:26.762855
50000,1515.920441,0.5050,-691.3319,0.00,0.00,2026-04-08T15:41:14.364940
60000,2095.557821,0.4060,-718.0613,0.00,0.00,2026-04-08T15:59:56.095620
70000,2459.606611,0.3070,-758.9406,0.00,0.00,2026-04-08T16:18:41.500394
80000,2862.816842,0.2080,-713.1806,0.00,0.00,2026-04-08T16:37:17.829103
90000,3750.011245,0.1090,-555.4731,0.00,0.00,2026-04-08T16:55:55.773189
100000,4113.830699,0.0100,-624.3794,0.00,0.00,2026-04-08T17:14:33.527054
110000,4862.778830,0.0100,-577.3956,0.00,0.00,2026-04-08T17:33:13.181130
120000,5189.228678,0.0100,-693.0456,0.00,0.00,2026-04-08T17:51:53.688265
130000,5507.608134,0.0100,-601.5119,0.00,0.00,2026-04-08T18:10:39.013451
140000,5613.409904,0.0100,-674.1987,0.00,0.00,2026-04-08T18:29:34.629424
150000,5488.687794,0.0100,-540.0619,0.00,0.00,2026-04-08T18:48:15.591864
160000,5316.411675,0.0100,-484.5888,0.00,0.00,2026-04-08T19:06:57.313279
170000,5207.686979,0.0100,-727.8200,0.00,0.00,2026-04-08T19:25:48.051010
180000,5162.606999,0.0100,-588.9288,0.00,0.00,2026-04-08T19:44:38.548112
190000,5195.977392,0.0100,-721.0400,0.00,0.00,2026-04-08T20:03:27.654394
200000,5152.166912,0.0100,-705.9575,0.00,0.00,2026-04-08T20:22:12.903849
210000,5116.823666,0.0100,-632.7219,0.00,0.00,2026-04-08T20:41:09.138250
220000,4855.999965,0.0100,-764.6550,0.00,0.00,2026-04-08T20:59:45.028302
230000,4771.785947,0.0100,-654.0044,0.00,0.00,2026-04-08T21:18:19.412428
240000,4689.709232,0.0100,-765.2850,0.00,0.00,2026-04-08T21:36:58.115322
250000,4866.724883,0.0100,-462.8925,0.00,0.00,2026-04-08T21:55:31.310122
260000,4732.113287,0.0100,-408.9588,0.00,0.00,2026-04-08T22:14:02.621018
270000,4723.703377,0.0100,-518.8387,0.00,0.00,2026-04-08T22:32:38.876439
280000,4585.160339,0.0100,-629.6650,0.00,0.00,2026-04-08T22:51:13.413788
290000,4606.990016,0.0100,-616.2269,0.00,0.00,2026-04-08T23:09:49.105715
300000,4688.854388,0.0100,-712.7575,0.00,0.00,2026-04-08T23:28:50.125521
310000,4718.245098,0.0100,-558.2513,0.00,0.00,2026-04-08T23:47:54.119401
320000,4594.768691,0.0100,-640.1462,0.00,0.00,2026-04-09T00:06:37.934761
330000,4603.301530,0.0100,-502.6363,0.00,0.00,2026-04-09T00:25:25.147292
340000,4704.686862,0.0100,-558.6063,0.00,0.00,2026-04-09T00:44:13.014211
350000,4684.044104,0.0100,-717.0469,0.00,0.00,2026-04-09T01:03:00.272712
360000,4712.447770,0.0100,-585.1919,0.00,0.00,2026-04-09T01:21:51.974293
370000,4761.495999,0.0100,-596.3944,0.00,0.00,2026-04-09T01:40:38.720558
380000,4649.588087,0.0100,-588.6506,0.00,0.00,2026-04-09T01:59:17.629832
390000,4469.766851,0.0100,-721.6975,0.00,0.00,2026-04-09T02:17:58.459345
400000,4548.222897,0.0100,-434.3950,0.00,0.00,2026-04-09T02:36:38.695521
410000,4612.077047,0.0100,-569.0419,0.00,0.00,2026-04-09T02:55:16.609331
420000,4477.330068,0.0100,-537.4988,0.00,0.00,2026-04-09T03:14:07.500880
430000,4480.701954,0.0100,-385.1594,0.00,0.00,2026-04-09T03:32:49.696895
440000,4523.238364,0.0100,-532.1169,0.00,0.00,2026-04-09T03:51:32.289740
450000,4656.113323,0.0100,-640.8319,0.00,0.00,2026-04-09T04:10:11.070793
460000,4636.600636,0.0100,-517.1713,0.00,0.00,2026-04-09T04:28:51.346047
470000,4641.207768,0.0100,-434.7825,0.00,0.00,2026-04-09T04:47:34.735047
480000,4775.469389,0.0100,-692.7025,0.00,0.00,2026-04-09T05:06:11.004520
490000,4668.249804,0.0100,-749.7663,0.00,0.00,2026-04-09T05:24:47.728372
500000,4598.739486,0.0100,-534.2919,0.00,0.00,2026-04-09T05:43:23.500601
510000,4559.777814,0.0100,-653.0344,0.00,0.00,2026-04-09T18:04:08.746369
520000,4438.607066,0.0100,-536.1699,0.00,0.00,2026-04-09T18:22:36.825203
530000,4397.479249,0.0100,-510.3850,0.00,0.00,2026-04-09T18:41:12.440858
540000,4367.873338,0.0100,-543.7132,0.00,0.00,2026-04-09T18:59:43.408334
550000,4320.251038,0.0100,-317.1159,0.00,0.00,2026-04-09T19:18:16.496908
560000,4427.549259,0.0100,-643.8274,0.00,0.00,2026-04-09T19:36:46.540170
570000,4282.665086,0.0100,-655.3492,0.00,0.00,2026-04-09T19:55:15.071985
580000,4162.418643,0.0100,-344.7744,0.00,0.00,2026-04-09T20:13:49.631430
590000,4107.078365,0.0100,-598.6737,0.00,0.00,2026-04-09T20:32:22.778235
600000,4170.722369,0.0100,-444.2050,0.00,0.00,2026-04-09T20:50:52.772752
610000,4156.601955,0.0100,-507.7463,0.00,0.00,2026-04-09T21:09:26.408008
620000,4183.972373,0.0100,-538.2525,0.00,0.00,2026-04-09T21:28:02.972395
630000,4221.114888,0.0100,-717.4212,0.00,0.00,2026-04-09T21:46:39.583753
640000,4267.474630,0.0100,-629.2460,0.00,0.00,2026-04-09T22:05:12.624155
650000,4270.079430,0.0100,-570.7688,0.00,0.00,2026-04-09T22:23:47.537976
660000,4321.439380,0.0100,-569.0869,0.00,0.00,2026-04-09T22:42:24.015819
670000,4266.838731,0.0100,-654.1863,0.00,0.00,2026-04-09T23:00:57.236025
680000,4250.684365,0.0100,-338.2512,0.00,0.00,2026-04-09T23:19:35.678677
690000,4264.519187,0.0100,-672.9505,0.00,0.00,2026-04-09T23:38:12.479981
700000,4302.430983,0.0100,-605.9505,0.00,0.00,2026-04-09T23:56:44.622217
710000,4204.497951,0.0100,-382.9698,0.00,0.00,2026-04-10T00:15:18.535887
720000,4206.842966,0.0100,-521.7074,0.00,0.00,2026-04-10T00:33:51.613478
730000,4287.980275,0.0100,-296.3606,0.00,0.00,2026-04-10T00:52:28.942803
740000,4256.728765,0.0100,-688.6159,0.00,0.00,2026-04-10T01:11:00.709344
750000,4271.025299,0.0100,-546.8014,0.00,0.00,2026-04-10T01:30:29.744561
760000,4326.320806,0.0100,-623.4461,0.00,0.00,2026-04-10T01:49:04.864977
770000,4333.032034,0.0100,-639.8055,0.00,0.00,2026-04-10T02:07:46.720850
780000,4243.337619,0.0100,-588.9137,0.00,0.00,2026-04-10T02:26:27.342419
790000,4276.420940,0.0100,-197.9840,0.00,0.00,2026-04-10T02:57:12.384401
800000,4730.870316,0.0100,-450.8960,0.00,0.00,2026-04-10T03:15:50.366199
810000,4635.309795,0.0100,-215.2080,0.00,0.00,2026-04-10T03:34:24.725062
820000,4580.976120,0.0100,-327.9280,0.00,0.00,2026-04-10T03:53:00.403866
830000,4567.736520,0.0100,57.3600,0.00,0.00,2026-04-10T04:11:31.425723
840000,4430.497870,0.0100,-341.3120,0.00,0.00,2026-04-10T04:30:02.742062
850000,4264.088121,0.0100,-483.6480,0.00,0.00,2026-04-10T04:48:34.449084
860000,4321.798267,0.0100,-179.8800,0.00,0.00,2026-04-10T05:07:11.177362
870000,4160.991700,0.0100,-321.7600,0.00,0.00,2026-04-10T05:25:46.357732
880000,4321.618051,0.0100,-213.5840,0.00,0.00,2026-04-10T05:44:20.409544
890000,4299.387526,0.0100,-216.4400,0.00,0.00,2026-04-10T06:03:01.126791
900000,4306.270090,0.0100,-167.3200,0.00,0.00,2026-04-10T06:21:33.304043
910000,4308.275580,0.0100,-89.1920,0.00,0.00,2026-04-10T06:40:06.066856
920000,4186.581711,0.0100,-326.7600,0.00,0.00,2026-04-10T06:58:38.006551
930000,4266.099732,0.0100,51.5120,0.00,0.00,2026-04-10T07:17:13.817569
940000,4324.471303,0.0100,-180.8000,0.00,0.00,2026-04-10T07:35:50.927218
950000,4380.728449,0.0100,-209.8000,0.00,0.00,2026-04-10T07:54:25.414001
960000,4381.432930,0.0100,47.2800,0.00,0.00,2026-04-10T08:13:07.956680
970000,4565.915104,0.0100,-325.0880,0.00,0.00,2026-04-10T08:31:40.917048
980000,4456.921155,0.0100,-454.8480,0.00,0.00,2026-04-10T08:50:16.617052
990000,4304.458309,0.0100,-461.6320,0.00,0.00,2026-04-10T09:08:53.686848
1000000,4344.374583,0.0100,-209.6400,0.00,0.00,2026-04-10T09:27:28.964386
1010000,4170.159997,0.0100,-318.0960,0.00,0.00,2026-04-10T09:46:25.612415
1020000,4127.608945,0.0100,-214.2320,0.00,0.00,2026-04-10T10:05:01.542543
1030000,4001.513875,0.0100,-193.2320,0.00,0.00,2026-04-10T10:23:41.033286
1040000,4028.362251,0.0100,-222.1200,0.00,0.00,2026-04-10T10:42:21.393963
1050000,4054.683622,0.0100,-353.2560,0.00,0.00,2026-04-10T11:01:01.963501
1060000,4076.932743,0.0100,-331.0800,0.00,0.00,2026-04-10T11:19:43.158034
1070000,4045.781004,0.0100,-172.2240,0.00,0.00,2026-04-10T11:39:04.539027
1080000,4040.039523,0.0100,-186.8080,0.00,0.00,2026-04-10T11:57:48.220687
1090000,4031.596134,0.0100,-446.7760,0.00,0.00,2026-04-10T12:16:26.062054
1100000,3964.219006,0.0100,-76.5760,0.00,0.00,2026-04-10T12:35:06.166090
1110000,3989.883573,0.0100,-353.6400,0.00,0.00,2026-04-10T12:54:01.872811
1120000,4036.041148,0.0100,-349.7440,0.00,0.00,2026-04-10T13:12:42.415023
1130000,3949.651623,0.0100,-341.1600,0.00,0.00,2026-04-10T13:31:36.310238
1140000,4046.757923,0.0100,-333.3520,0.00,0.00,2026-04-10T13:50:18.429547
1150000,4130.302916,0.0100,-310.8560,0.00,0.00,2026-04-10T14:09:05.061622
1160000,4115.107831,0.0100,-212.1920,0.00,0.00,2026-04-10T14:27:39.822288
1170000,4126.293080,0.0100,79.3120,0.00,0.00,2026-04-10T14:46:32.829672
1180000,4058.644524,0.0100,-65.7600,0.00,0.00,2026-04-10T15:05:14.112751
1190000,4032.542258,0.0100,-170.0880,0.00,0.00,2026-04-10T15:24:02.818989
1200000,4104.261720,0.0100,131.4480,0.00,0.00,2026-04-10T15:42:44.143851
1210000,4132.374625,0.0100,-48.3200,0.00,0.00,2026-04-10T16:01:23.642309
1220000,4027.060978,0.0100,-475.3360,0.00,0.00,2026-04-10T16:20:00.605790
1230000,3925.999188,0.0100,-217.1120,0.00,0.00,2026-04-10T16:38:42.404892
1240000,4071.252017,0.0100,-340.8160,0.00,0.00,2026-04-10T16:57:16.979121
1250000,3972.432525,0.0100,-344.6080,0.00,0.00,2026-04-10T17:15:55.475713
1260000,4053.892856,0.0100,77.3360,0.00,0.00,2026-04-10T17:34:42.578071
1270000,4069.544930,0.0100,-189.1520,0.00,0.00,2026-04-10T17:53:26.775404
1280000,4023.764221,0.0100,-183.1680,0.00,0.00,2026-04-10T18:12:06.273294
1290000,4020.223913,0.0100,49.2000,0.00,0.00,2026-04-10T20:19:09.233086
1300000,4008.435248,0.0100,-456.7440,0.00,0.00,2026-04-10T20:37:54.837458
1310000,3975.008939,0.0100,-339.7680,0.00,0.00,2026-04-10T20:56:38.502296
1320000,4042.418232,0.0100,-75.7440,0.00,0.00,2026-04-10T21:15:25.666637
1330000,3992.512632,0.0100,-206.3920,0.00,0.00,2026-04-10T21:34:18.121949
1340000,3998.142667,0.0100,-224.2000,0.00,0.00,2026-04-10T21:53:02.879951
1350000,3948.656206,0.0100,-339.2960,0.00,0.00,2026-04-10T22:11:42.482319
1360000,3910.985946,0.0100,-342.0080,0.00,0.00,2026-04-10T22:30:30.658682
1370000,3980.665662,0.0100,-175.9280,0.00,0.00,2026-04-10T22:49:10.985089
1380000,3928.178224,0.0100,-468.4160,0.00,0.00,2026-04-10T23:07:50.388231
1390000,3929.195158,0.0100,-207.4800,0.00,0.00,2026-04-10T23:26:39.070806
1400000,3843.396444,0.0100,-316.7920,0.00,0.00,2026-04-10T23:45:26.506626
1410000,3793.310392,0.0100,-82.0800,0.00,0.00,2026-04-11T00:04:15.229423
1420000,3838.264580,0.0100,-173.6480,0.00,0.00,2026-04-11T00:22:59.085116
1430000,3949.270588,0.0100,-329.9840,0.00,0.00,2026-04-11T00:41:43.973349
1440000,3906.475850,0.0100,-346.4080,0.00,0.00,2026-04-11T01:00:26.342983
1450000,3888.005893,0.0100,-183.8400,0.00,0.00,2026-04-11T01:19:14.831015
1460000,3788.364944,0.0100,-463.9440,0.00,0.00,2026-04-11T01:38:02.384203
1470000,3856.427902,0.0100,-425.8400,0.00,0.00,2026-04-11T02:10:12.428502
1480000,3861.525208,0.0100,-340.8320,0.00,0.00,2026-04-11T02:28:52.495817
1490000,3780.439894,0.0100,-181.0400,0.00,0.00,2026-04-11T02:47:31.276060
1500000,3960.882589,0.0100,-289.7440,0.00,0.00,2026-04-11T03:06:08.251171
1510000,3889.363167,0.0100,-62.7840,0.00,0.00,2026-04-11T03:24:45.618239
1520000,3973.130005,0.0100,-205.5360,0.00,0.00,2026-04-11T03:43:34.723074
1530000,4131.542786,0.0100,-45.1440,0.00,0.00,2026-04-11T04:02:15.282161
1540000,4048.346374,0.0100,-473.7840,0.00,0.00,2026-04-11T04:20:58.921551
1550000,3885.892311,0.0100,-151.7520,0.00,0.00,2026-04-11T04:39:43.126338
1560000,3976.439231,0.0100,-307.2320,0.00,0.00,2026-04-11T04:58:30.668448
1570000,3941.396584,0.0100,-444.9360,0.00,0.00,2026-04-11T05:17:17.281795
1580000,3875.294756,0.0100,-68.8880,0.00,0.00,2026-04-11T05:35:59.355302
1590000,3906.880864,0.0100,-188.5920,0.00,0.00,2026-04-11T05:54:47.030206
1600000,3806.858938,0.0100,-323.9680,0.00,0.00,2026-04-11T06:13:36.676737
1610000,3760.490203,0.0100,-188.4160,0.00,0.00,2026-04-11T06:32:21.845491
1620000,3779.317193,0.0100,-286.0960,0.00,0.00,2026-04-11T06:51:10.741910
1630000,3876.306488,0.0100,59.7920,0.00,0.00,2026-04-11T07:09:57.866702
1640000,3749.731219,0.0100,-328.0000,0.00,0.00,2026-04-11T07:28:42.091883
1650000,3763.307237,0.0100,-39.0720,0.00,0.00,2026-04-11T07:47:26.950220
1660000,3839.082886,0.0100,-204.3200,0.00,0.00,2026-04-11T08:06:12.975169
1670000,3889.498453,0.0100,-171.9440,0.00,0.00,2026-04-11T08:24:57.868010
1680000,3936.394214,0.0100,-54.1120,0.00,0.00,2026-04-11T08:43:42.954926
1690000,3916.401016,0.0100,-340.6480,0.00,0.00,2026-04-11T09:02:27.175256
1700000,4079.117320,0.0100,-209.0400,0.00,0.00,2026-04-11T09:21:07.797134
1710000,3963.697936,0.0100,-68.4080,0.00,0.00,2026-04-11T09:39:59.235392
1720000,3963.187372,0.0100,-451.1680,0.00,0.00,2026-04-11T09:59:10.648520
1730000,4027.042723,0.0100,-195.8720,0.00,0.00,2026-04-11T10:17:57.686861
1740000,3885.488428,0.0100,-194.0320,0.00,0.00,2026-04-11T10:36:43.223884
1750000,3767.470538,0.0100,-298.2880,0.00,0.00,2026-04-11T10:55:33.411507
1760000,3732.267132,0.0100,-197.7440,0.00,0.00,2026-04-11T11:14:23.954050
1770000,3931.997621,0.0100,-299.0400,0.00,0.00,2026-04-11T11:33:53.772468
1780000,3915.817426,0.0100,-383.9520,0.00,0.00,2026-04-11T11:52:39.765967
1790000,3753.375471,0.0100,-215.5920,0.00,0.00,2026-04-11T12:11:28.286980
1800000,4068.035111,0.0100,-330.5040,0.00,0.00,2026-04-11T12:30:54.670854
1810000,3901.650758,0.0100,-291.4320,0.00,0.00,2026-04-11T12:49:39.515000
1820000,3916.185615,0.0100,-311.5200,0.00,0.00,2026-04-11T13:08:39.982424
1830000,4013.795859,0.0100,-190.2000,0.00,0.00,2026-04-11T13:27:37.362416
1840000,4042.229090,0.0100,-186.9520,0.00,0.00,2026-04-11T13:46:32.090834
1850000,4036.314098,0.0100,77.9280,0.00,0.00,2026-04-11T14:05:21.783671
1860000,4064.637630,0.0100,-215.8240,0.00,0.00,2026-04-11T14:24:30.546236
1870000,4007.484281,0.0100,-461.4720,0.00,0.00,2026-04-11T14:43:30.403820
1880000,4022.332511,0.0100,-66.2880,0.00,0.00,2026-04-11T15:02:26.119297
1890000,4017.804053,0.0100,-312.4080,0.00,0.00,2026-04-11T15:21:18.918729
1900000,3925.165425,0.0100,-312.0720,0.00,0.00,2026-04-11T15:40:16.810102
1910000,4091.039865,0.0100,-171.2720,0.00,0.00,2026-04-11T15:59:13.767560
1920000,4166.681927,0.0100,-45.8480,0.00,0.00,2026-04-11T16:18:06.661274
1930000,4358.890827,0.0100,-446.1200,0.00,0.00,2026-04-11T16:36:55.043235
1940000,4288.225152,0.0100,-329.3520,0.00,0.00,2026-04-11T16:55:44.014568
1950000,4130.830462,0.0100,-206.3440,0.00,0.00,2026-04-11T17:14:40.965204
1960000,4203.578277,0.0100,-283.9360,0.00,0.00,2026-04-11T17:33:36.562972
1970000,4215.429116,0.0100,-294.6160,0.00,0.00,2026-04-11T21:32:28.731518
1980000,4190.146805,0.0100,-322.4560,0.00,0.00,2026-04-11T21:51:16.420833
1990000,4160.645462,0.0100,-174.0800,0.00,0.00,2026-04-11T22:10:09.838733
2000000,4070.385294,0.0100,-210.8960,0.00,0.00,2026-04-11T22:28:57.883354
2010000,4081.759926,0.0100,-201.4960,0.00,0.00,2026-04-11T22:47:47.735911
2020000,4028.015090,0.0100,-201.5440,0.00,0.00,2026-04-11T23:06:37.927132
2030000,4039.789507,0.0100,-328.1120,0.00,0.00,2026-04-11T23:25:31.029986
2040000,4020.564640,0.0100,-170.0800,0.00,0.00,2026-04-11T23:44:26.815069
2050000,4061.222973,0.0100,-12.3840,0.00,0.00,2026-04-12T00:03:16.931668
2060000,3926.509601,0.0100,-486.2560,0.00,0.00,2026-04-12T00:22:04.173778
2070000,4063.128029,0.0100,-209.7920,0.00,0.00,2026-04-12T00:40:57.710608
2080000,4074.641640,0.0100,-321.3760,0.00,0.00,2026-04-12T00:59:48.877683
2090000,4218.054687,0.0100,-295.9200,0.00,0.00,2026-04-12T01:18:43.035736
2100000,4121.028068,0.0100,82.8160,0.00,0.00,2026-04-12T01:37:36.105091
2110000,4035.632808,0.0100,-185.7120,0.00,0.00,2026-04-12T01:56:33.431257
2120000,4058.502050,0.0100,-70.3520,0.00,0.00,2026-04-12T02:15:33.040634
2130000,3976.783088,0.0100,-483.7760,0.00,0.00,2026-04-12T02:34:24.117428
2140000,4033.966467,0.0100,-173.6800,0.00,0.00,2026-04-12T02:53:14.748921
2150000,3876.919937,0.0100,-446.3360,0.00,0.00,2026-04-12T03:12:08.085160
2160000,3952.999521,0.0100,-257.2080,0.00,0.00,2026-04-12T03:31:23.744140
2170000,3751.493430,0.0100,-424.2880,0.00,0.00,2026-04-12T03:50:19.902975
2180000,3646.906455,0.0100,-181.2400,0.00,0.00,2026-04-12T04:09:15.075503
2190000,3775.663584,0.0100,-326.8640,0.00,0.00,2026-04-12T04:28:40.095051
2200000,3749.374141,0.0100,-193.1520,0.00,0.00,2026-04-12T04:47:55.467155
2210000,3829.646232,0.0100,-320.3280,0.00,0.00,2026-04-12T05:07:14.421068
2220000,3851.791861,0.0100,-335.1840,0.00,0.00,2026-04-12T05:26:36.846200
2230000,3841.511676,0.0100,71.9280,0.00,0.00,2026-04-12T05:46:01.052517
2240000,3842.963066,0.0100,-292.1840,0.00,0.00,2026-04-12T06:05:14.558586
2250000,3818.682995,0.0100,-467.6320,0.00,0.00,2026-04-12T06:24:17.772536
2260000,3825.032738,0.0100,-449.2800,0.00,0.00,2026-04-12T06:43:26.271432
2270000,3756.534507,0.0100,-84.2800,0.00,0.00,2026-04-12T07:02:30.979147
2280000,3783.037323,0.0100,218.7920,0.00,0.00,2026-04-12T07:21:34.184195
2290000,3806.788536,0.0100,-61.1840,0.00,0.00,2026-04-12T07:40:34.427176
2300000,3755.688350,0.0100,81.4240,0.00,0.00,2026-04-12T07:59:36.172328
2310000,3802.778514,0.0100,-332.6880,0.00,0.00,2026-04-12T08:18:43.578096
2320000,3781.528864,0.0100,-170.9600,0.00,0.00,2026-04-12T08:37:44.253524
2330000,3834.934385,0.0100,-297.7120,0.00,0.00,2026-04-12T08:56:46.923125
2340000,3821.442940,0.0100,-311.3360,0.00,0.00,2026-04-12T09:15:52.278465
2350000,3839.057300,0.0100,-286.0480,0.00,0.00,2026-04-12T09:34:51.547398
2360000,3826.190094,0.0100,-176.0560,0.00,0.00,2026-04-12T09:54:14.495491
2370000,3851.690400,0.0100,-183.5360,0.00,0.00,2026-04-12T10:13:14.318224
2380000,3892.237519,0.0100,-207.5440,0.00,0.00,2026-04-12T10:32:19.247657
2390000,3687.777900,0.0100,-474.3040,0.00,0.00,2026-04-12T10:51:21.167782
2400000,3776.712617,0.0100,-174.8000,0.00,0.00,2026-04-12T11:10:24.446887
2410000,3723.813562,0.0100,-461.8480,0.00,0.00,2026-04-12T11:29:35.211228
2420000,4276.438286,0.0100,-1043.7904,0.00,0.00,2026-04-12T12:10:35.557246
2430000,4953.751917,0.0100,-888.3755,0.00,0.00,2026-04-12T12:31:39.396303
2440000,5885.720215,0.0100,-583.5812,0.00,0.00,2026-04-12T12:53:08.046251
2450000,6749.724716,0.0100,-1025.6792,0.00,0.00,2026-04-12T13:14:02.537121
2460000,6148.973494,0.0100,-903.6484,0.00,0.00,2026-04-12T13:34:46.411383
2470000,5165.770558,0.0100,-658.6650,0.00,0.00,2026-04-12T13:55:45.410387
2480000,4698.406951,0.0100,-955.6793,0.00,0.00,2026-04-12T14:16:41.746608
2490000,4607.199139,0.0100,-651.5036,0.00,0.00,2026-04-12T14:37:46.763250
2500000,4669.405731,0.0100,-617.4719,0.00,0.00,2026-04-12T14:58:51.015103
2510000,4598.690250,0.0100,-795.1400,0.00,0.00,2026-04-12T15:19:44.919645
2520000,4484.182700,0.0100,-942.0594,0.00,0.00,2026-04-12T15:40:33.234495
2530000,4399.968068,0.0100,-620.1023,0.00,0.00,2026-04-12T16:01:18.486162
2540000,4409.024320,0.0100,-775.7940,0.00,0.00,2026-04-12T16:25:34.263776
2550000,4409.344286,0.0100,-976.9920,0.00,0.00,2026-04-12T16:46:10.768361
2560000,4448.279910,0.0100,-616.9880,0.00,0.00,2026-04-12T17:06:46.687791
2570000,4443.566014,0.0100,-596.6040,0.00,0.00,2026-04-12T17:27:33.363151
2580000,4441.076937,0.0100,-593.8460,0.00,0.00,2026-04-12T17:48:25.798776
2590000,4543.851140,0.0100,-678.5520,0.00,0.00,2026-04-12T18:09:27.481401
2600000,4453.158489,0.0100,-818.7260,0.00,0.00,2026-04-12T18:31:00.913737
2610000,4351.249539,0.0100,-836.4400,0.00,0.00,2026-04-12T18:52:10.332875
2620000,4408.794347,0.0100,-812.1500,0.00,0.00,2026-04-12T19:13:33.711879
2630000,4487.653253,0.0100,-537.5140,0.00,0.00,2026-04-12T19:35:08.947439
2640000,4511.943760,0.0100,-452.4480,0.00,0.00,2026-04-12T19:56:26.581272
2650000,4506.937729,0.0100,-840.1120,0.00,0.00,2026-04-12T20:17:49.981487
2660000,4491.268248,0.0100,-560.9000,0.00,0.00,2026-04-12T20:39:03.996170
2670000,4482.896042,0.0100,-528.9180,0.00,0.00,2026-04-12T21:00:17.787842
2680000,4599.127763,0.0100,-307.0900,0.00,0.00,2026-04-12T21:21:42.317986
2690000,4418.790124,0.0100,-617.1800,0.00,0.00,2026-04-12T21:43:17.475159
2700000,4376.323705,0.0100,-754.9980,0.00,0.00,2026-04-12T22:05:04.819985
2710000,4453.743398,0.0100,-552.0540,0.00,0.00,2026-04-12T22:26:39.444167
2720000,4387.645461,0.0100,-734.9900,0.00,0.00,2026-04-12T22:48:19.213251
2730000,4281.623311,0.0100,-649.3920,0.00,0.00,2026-04-12T23:09:55.440211
2740000,4290.573297,0.0100,-354.0280,0.00,0.00,2026-04-12T23:31:45.407696
2750000,4370.077908,0.0100,-601.4260,0.00,0.00,2026-04-12T23:54:08.739286
2760000,4336.694202,0.0100,-617.2640,0.00,0.00,2026-04-13T00:16:19.789725
2770000,4243.874707,0.0100,-838.7620,0.00,0.00,2026-04-13T00:38:13.077377
2780000,4266.544154,0.0100,-598.3280,0.00,0.00,2026-04-13T00:59:41.752067
2790000,6560.166108,0.0100,-712.3461,0.00,0.00,2026-04-13T01:50:26.040958
2800000,10408.308410,0.0100,-918.8533,0.00,0.00,2026-04-13T02:14:50.492252
2810000,12437.312387,0.0100,-629.7304,0.00,0.00,2026-04-13T02:38:48.455626
2820000,13732.001061,0.0100,-301.1082,0.00,0.00,2026-04-13T03:03:17.746953
2830000,14881.721574,0.0100,-463.9725,0.00,0.00,2026-04-13T03:27:00.479289
2840000,15321.262019,0.0100,-179.8605,0.00,0.00,2026-04-13T03:52:32.527847
2850000,15667.481960,0.0100,-458.2637,0.00,0.00,2026-04-13T04:16:36.721027
2860000,15729.566230,0.0100,-730.2910,0.00,0.00,2026-04-13T04:40:24.835022
2870000,15847.830212,0.0100,-329.3130,0.00,0.00,2026-04-13T05:03:37.158174
2880000,16045.595320,0.0100,-751.7961,0.00,0.00,2026-04-13T05:27:19.722855
2890000,16029.280913,0.0100,-763.4010,0.00,0.00,2026-04-13T05:51:08.390604
2900000,15754.508837,0.0100,-666.2033,0.00,0.00,2026-04-13T06:14:45.583073
2910000,15552.602185,0.0100,-332.6915,0.00,0.00,2026-04-13T06:38:11.339969
2920000,16329.025039,0.0100,-298.4439,0.00,0.00,2026-04-13T07:01:47.983765
2930000,16424.458464,0.0100,-561.2443,0.00,0.00,2026-04-13T07:25:24.946744
2940000,16290.604204,0.0100,-728.6000,0.00,0.00,2026-04-13T07:49:21.535007
2950000,16509.836721,0.0100,-626.6724,0.00,0.00,2026-04-13T19:39:17.584974
2960000,16991.108837,0.0100,-524.6538,0.00,0.00,2026-04-13T19:57:21.957922
2970000,16319.845118,0.0100,-841.5865,0.00,0.00,2026-04-13T20:15:28.624943
2980000,16579.754701,0.0100,-905.0437,0.00,0.00,2026-04-13T20:33:26.477453
2990000,16461.944607,0.0100,-1052.5550,0.00,0.00,2026-04-13T20:51:32.329334
3000000,16472.836202,0.0100,-433.4502,0.00,0.00,2026-04-13T21:09:37.563969
3010000,15840.940779,0.0100,-702.3701,0.00,0.00,2026-04-13T21:27:43.875927
3020000,16239.266031,0.0100,-522.4544,0.00,0.00,2026-04-13T21:45:51.294866
3030000,16132.790140,0.0100,-901.3174,0.00,0.00,2026-04-13T22:04:02.001159
3040000,15669.241279,0.0100,-209.8801,0.00,0.00,2026-04-14T11:32:21.384190
3050000,15749.249890,0.0100,-951.7649,0.00,0.00,2026-04-14T11:50:46.400514
3060000,15772.330970,0.0100,-720.4245,0.00,0.00,2026-04-14T12:09:22.640942
3070000,15698.211033,0.0100,-897.9412,0.00,0.00,2026-04-14T12:27:47.525247
3080000,15670.432434,0.0100,-1017.7045,0.00,0.00,2026-04-14T12:46:09.777982
3090000,15724.889029,0.0100,-1032.9168,0.00,0.00,2026-04-14T13:04:44.118123
3100000,15047.115786,0.0100,-370.3222,0.00,0.00,2026-04-14T13:23:08.321333
3110000,14893.612411,0.0100,-679.7115,0.00,0.00,2026-04-14T13:41:30.060305
3120000,15207.660108,0.0100,-672.3750,0.00,0.00,2026-04-14T13:59:59.090284
3130000,15790.401234,0.0100,-741.5268,0.00,0.00,2026-04-14T14:18:17.892649
3140000,15679.813772,0.0100,-577.6362,0.00,0.00,2026-04-14T14:36:40.741746
3150000,15773.131933,0.0100,-683.5789,0.00,0.00,2026-04-14T14:55:02.198951
3160000,15733.333468,0.0100,-845.6321,0.00,0.00,2026-04-14T15:14:06.431131
3170000,15708.796439,0.0100,-344.7735,0.00,0.00,2026-04-14T15:32:28.959055
3180000,15572.850438,0.0100,-665.3567,0.00,0.00,2026-04-14T15:50:48.706969
3190000,15436.410167,0.0100,-652.5095,0.00,0.00,2026-04-14T16:09:13.140791
3200000,15473.956181,0.0100,-353.2626,0.00,0.00,2026-04-14T16:27:37.519398
3210000,14870.721663,0.0100,-244.8618,0.00,0.00,2026-04-14T16:46:05.041519
3220000,15570.309916,0.0100,-495.5030,0.00,0.00,2026-04-14T17:04:29.570860
3230000,15465.523222,0.0100,-768.1074,0.00,0.00,2026-04-14T17:22:53.692029
3240000,15199.855048,0.0100,-712.4136,0.00,0.00,2026-04-14T17:41:16.544749
3250000,15056.099118,0.0100,-578.3844,0.00,0.00,2026-04-14T17:59:41.994860
3260000,14793.755751,0.0100,-457.1495,0.00,0.00,2026-04-14T18:18:07.819252
3270000,14760.112359,0.0100,-959.0700,0.00,0.00,2026-04-14T18:36:33.930413
3280000,14645.816551,0.0100,-348.0424,0.00,0.00,2026-04-14T18:54:59.448779
3290000,14562.289959,0.0100,-831.2316,0.00,0.00,2026-04-14T19:17:40.493192
3300000,14953.866505,0.0100,-764.0792,0.00,0.00,2026-04-14T19:36:11.093585
3310000,15288.996195,0.0100,-691.5643,0.00,0.00,2026-04-14T19:54:59.027740
3320000,15411.428895,0.0100,-641.9019,0.00,0.00,2026-04-14T20:13:39.324441
3330000,15156.839931,0.0100,-774.5161,0.00,0.00,2026-04-14T20:32:11.654021
3340000,15234.997267,0.0100,-683.5435,0.00,0.00,2026-04-14T20:50:48.538560
3350000,15406.169145,0.0100,-226.0116,0.00,0.00,2026-04-14T21:09:23.535362
3360000,15517.762663,0.0100,-927.6722,0.00,0.00,2026-04-14T21:27:59.384576
3370000,15272.384816,0.0100,-355.1196,0.00,0.00,2026-04-14T21:46:30.539985
3380000,15207.845004,0.0100,-595.2419,0.00,0.00,2026-04-14T22:05:01.866669
3390000,14906.311024,0.0100,-806.2369,0.00,0.00,2026-04-14T22:23:48.824237
3400000,14837.326720,0.0100,-581.8949,0.00,0.00,2026-04-14T22:42:23.190165
3410000,15093.658100,0.0100,-631.3694,0.00,0.00,2026-04-14T23:01:04.231427
3420000,15088.682467,0.0100,-667.0824,0.00,0.00,2026-04-14T23:19:40.672164
3430000,15428.411166,0.0100,-457.8753,0.00,0.00,2026-04-14T23:38:13.318996
3440000,15062.726613,0.0100,-1076.0289,0.00,0.00,2026-04-14T23:56:44.627449
3450000,15045.554009,0.0100,-712.2339,0.00,0.00,2026-04-15T00:15:18.949286
3460000,14971.515025,0.0100,-660.4294,0.00,0.00,2026-04-15T00:33:52.786814
3470000,15209.345453,0.0100,-1000.3655,0.00,0.00,2026-04-15T00:52:22.077548
3480000,15162.670179,0.0100,-375.1947,0.00,0.00,2026-04-15T01:11:02.127790
