1000,24.078836,0.9810,-367.7560,2026-03-23T22:06:26.965571
2000,34.741022,0.9620,-324.8120,2026-03-23T22:07:16.521390
3000,37.041551,0.9430,-347.7420,2026-03-23T22:08:07.272135
4000,43.163177,0.9240,-213.4160,2026-03-23T22:09:00.053089
5000,44.786815,0.9050,-187.1080,2026-03-23T22:09:54.383990
6000,42.399579,0.8860,-245.8420,2026-03-23T22:10:48.496076
7000,50.413845,0.8670,-247.7100,2026-03-23T22:11:40.926326
8000,56.855159,0.8480,-185.9420,2026-03-23T22:12:37.045710
9000,59.797404,0.8290,-194.6560,2026-03-23T22:13:42.325767
10000,59.476882,0.8100,-187.3100,2026-03-23T22:14:42.246529
11000,65.974468,0.7910,-167.9020,2026-03-23T22:15:34.198906
12000,68.967863,0.7720,-159.7380,2026-03-23T22:16:32.561117
13000,67.197166,0.7530,-156.9600,2026-03-23T22:17:37.261954
14000,67.948597,0.7340,-121.8160,2026-03-23T22:18:45.281046
15000,64.737956,0.7150,-147.5260,2026-03-23T22:19:45.037233
16000,62.528189,0.6960,-118.5640,2026-03-23T22:20:42.452026
17000,59.933080,0.6770,-121.4940,2026-03-23T22:21:34.637218
18000,62.817583,0.6580,-84.2360,2026-03-23T22:22:29.282980
19000,66.655390,0.6390,-140.5100,2026-03-23T22:23:26.493427
20000,69.333731,0.6200,-189.8160,2026-03-23T22:24:25.090036
21000,71.203860,0.6010,-145.5900,2026-03-23T22:25:24.586717
22000,73.782719,0.5820,-133.9340,2026-03-23T22:26:26.402520
23000,73.179949,0.5630,-120.6560,2026-03-23T22:27:32.211187
24000,71.504682,0.5440,-126.4500,2026-03-23T22:28:36.459842
25000,66.538855,0.5250,-87.9300,2026-03-23T22:29:36.825877
26000,61.511934,0.5060,-138.9740,2026-03-23T22:30:41.561636
27000,61.196838,0.4870,-130.9400,2026-03-23T22:31:41.741537
28000,61.334787,0.4680,-127.7300,2026-03-23T22:32:41.486365
29000,65.159311,0.4490,-139.9860,2026-03-23T22:33:41.830552
30000,62.675291,0.4300,-115.7380,2026-03-23T22:34:40.511004
31000,61.969892,0.4110,-122.5940,2026-03-23T22:35:44.402864
32000,57.853847,0.3920,-112.4240,2026-03-23T22:36:39.502773
33000,60.083757,0.3730,-92.3100,2026-03-23T22:37:31.142607
34000,57.668959,0.3540,-78.0940,2026-03-23T22:38:20.548882
35000,57.404568,0.3350,-113.5780,2026-03-23T22:39:11.042554
36000,59.912940,0.3160,-158.2600,2026-03-23T22:40:01.540888
37000,56.153278,0.2970,-90.6300,2026-03-23T22:40:49.577065
38000,54.430331,0.2780,-134.3680,2026-03-23T22:41:38.875824
39000,53.365325,0.2590,-163.9420,2026-03-23T22:42:27.615719
40000,54.700533,0.2400,-133.9520,2026-03-23T22:43:17.948263
41000,56.334439,0.2210,-116.1820,2026-03-23T22:44:07.795173
42000,54.756466,0.2020,-234.5360,2026-03-23T22:44:58.216314
43000,57.712803,0.1830,-105.6660,2026-03-23T22:45:48.008459
44000,55.705032,0.1640,-156.0860,2026-03-23T22:46:37.891744
45000,56.428525,0.1450,-92.9540,2026-03-23T22:47:27.119076
46000,56.099810,0.1260,-128.4060,2026-03-23T22:48:15.880200
47000,55.734371,0.1070,-98.6360,2026-03-23T22:49:05.264037
48000,56.263991,0.0880,-115.7660,2026-03-23T22:49:53.881934
49000,57.759575,0.0690,-94.4920,2026-03-23T22:50:43.613166
50000,57.059431,0.0500,-129.4800,2026-03-23T22:51:32.490266
1000,32.285887,0.9810,-326.7280,2026-03-23T23:52:12.962050
2000,37.049027,0.9620,-296.7220,2026-03-23T23:53:03.274719
3000,36.965338,0.9430,-264.0200,2026-03-23T23:53:54.047884
4000,40.165013,0.9240,-343.4920,2026-03-23T23:54:46.031466
5000,48.442238,0.9050,-213.5520,2026-03-23T23:55:37.360352
6000,58.928309,0.8860,-259.4880,2026-03-23T23:56:31.010581
7000,60.610407,0.8670,-209.4520,2026-03-23T23:57:22.881613
8000,59.138077,0.8480,-173.8920,2026-03-23T23:58:12.166180
9000,57.624220,0.8290,-150.2960,2026-03-23T23:59:03.941866
10000,57.980644,0.8100,-160.2740,2026-03-23T23:59:54.111771
11000,63.766658,0.7910,-170.8020,2026-03-24T00:00:45.101847
12000,63.453542,0.7720,-180.5300,2026-03-24T00:01:36.400370
13000,62.485951,0.7530,-92.4020,2026-03-24T00:02:27.201114
14000,64.266096,0.7340,-166.7240,2026-03-24T00:03:17.791710
15000,62.867999,0.7150,-134.4560,2026-03-24T00:04:12.532464
16000,63.657691,0.6960,-118.1200,2026-03-24T00:05:02.678223
17000,70.329602,0.6770,-104.9760,2026-03-24T00:05:51.325063
18000,66.839399,0.6580,-114.9840,2026-03-24T00:06:42.035332
19000,60.804236,0.6390,-143.8580,2026-03-24T00:07:31.684964
20000,61.736709,0.6200,-178.3080,2026-03-24T00:08:22.366934
21000,67.882755,0.6010,-121.1320,2026-03-24T00:09:12.920305
22000,68.321703,0.5820,-227.6020,2026-03-24T00:10:02.401876
23000,70.539214,0.5630,-83.1960,2026-03-24T00:10:52.244457
24000,71.252855,0.5440,-148.2520,2026-03-24T00:11:41.047988
25000,70.867991,0.5250,-120.4180,2026-03-24T00:12:30.954811
26000,64.757902,0.5060,-83.3840,2026-03-24T00:13:20.265153
27000,65.031647,0.4870,-175.9060,2026-03-24T00:14:09.747355
28000,66.154167,0.4680,-141.1900,2026-03-24T00:14:58.845347
29000,65.112783,0.4490,-109.4340,2026-03-24T00:15:48.713273
30000,65.006132,0.4300,-117.1420,2026-03-24T00:16:42.840496
31000,66.358725,0.4110,-93.8600,2026-03-24T00:17:32.485184
32000,59.651132,0.3920,-87.8440,2026-03-24T00:18:21.251091
33000,58.321804,0.3730,-98.9200,2026-03-24T00:19:10.775532
34000,58.113559,0.3540,-112.5920,2026-03-24T00:19:59.283575
35000,60.597791,0.3350,-91.5980,2026-03-24T00:20:56.159880
36000,58.844021,0.3160,-87.9980,2026-03-24T00:21:44.616403
37000,58.422752,0.2970,-124.3300,2026-03-24T00:22:34.949757
38000,58.433932,0.2780,-95.1760,2026-03-24T00:23:24.945904
39000,56.301933,0.2590,-84.9580,2026-03-24T00:24:14.889442
40000,50.805114,0.2400,-136.1700,2026-03-24T00:25:04.762012
41000,50.217233,0.2210,-153.5800,2026-03-24T00:25:55.747647
42000,57.987264,0.2020,-113.5040,2026-03-24T00:26:46.458239
43000,57.732403,0.1830,-127.8400,2026-03-24T00:27:35.943203
44000,56.952374,0.1640,-95.6220,2026-03-24T00:28:25.217713
45000,55.102030,0.1450,-106.9100,2026-03-24T00:29:15.627483
46000,54.230153,0.1260,-125.5680,2026-03-24T00:30:06.293959
47000,55.298897,0.1070,-87.4980,2026-03-24T00:30:55.474259
48000,53.889938,0.0880,-102.0180,2026-03-24T00:31:46.945619
49000,52.573675,0.0690,-130.9200,2026-03-24T00:32:36.954858
50000,52.629929,0.0500,-83.1340,2026-03-24T00:33:27.420894
1000,81.307084,0.9952,-324.4640,2026-03-24T01:37:37.537476
2000,114.118927,0.9905,-339.6180,2026-03-24T01:38:29.249817
3000,137.820539,0.9858,-304.5640,2026-03-24T01:39:19.777255
4000,119.498038,0.9810,-304.3480,2026-03-24T01:40:09.919499
5000,103.811799,0.9763,-350.9540,2026-03-24T01:41:06.359714
6000,87.921421,0.9715,-220.0080,2026-03-24T01:41:58.886272
7000,82.844215,0.9667,-233.9660,2026-03-24T01:42:49.125042
8000,92.618268,0.9620,-132.7200,2026-03-24T01:43:40.912371
9000,96.745246,0.9572,-147.1380,2026-03-24T01:44:33.022751
10000,98.560131,0.9525,-190.3520,2026-03-24T01:45:23.160321
11000,96.822611,0.9477,-113.2360,2026-03-24T01:46:15.817169
12000,94.185979,0.9430,-146.3420,2026-03-24T01:47:05.923263
13000,91.385509,0.9383,-100.9760,2026-03-24T01:47:55.798641
14000,88.137913,0.9335,-96.7240,2026-03-24T01:48:46.942693
15000,89.020672,0.9288,-129.4200,2026-03-24T01:49:38.422929
16000,92.520323,0.9240,-98.6620,2026-03-24T01:50:28.168051
17000,90.890166,0.9193,-126.2200,2026-03-24T01:51:18.143520
18000,90.556629,0.9145,-102.0020,2026-03-24T01:52:06.937948
19000,86.015293,0.9097,-118.6760,2026-03-24T01:52:57.047621
20000,85.073928,0.9050,-113.5640,2026-03-24T01:53:48.457052
21000,85.536526,0.9002,-113.3180,2026-03-24T01:54:38.616464
22000,80.974710,0.8955,-102.7100,2026-03-24T01:55:28.812370
23000,78.211154,0.8907,-113.6520,2026-03-24T01:56:18.412863
24000,78.720486,0.8860,-84.2060,2026-03-24T01:57:08.958534
25000,79.606289,0.8813,-70.6120,2026-03-24T01:57:58.374357
26000,74.161076,0.8765,-123.0140,2026-03-24T01:58:48.135429
27000,75.707228,0.8717,-113.8340,2026-03-24T01:59:39.431406
28000,78.799542,0.8670,-89.5540,2026-03-24T02:00:28.710724
29000,76.527753,0.8623,-84.3100,2026-03-24T02:01:18.942033
30000,73.758942,0.8575,-74.2900,2026-03-24T02:02:09.459440
31000,74.493690,0.8528,-93.9560,2026-03-24T02:03:00.401439
32000,72.744510,0.8480,-98.0880,2026-03-24T02:03:50.088578
33000,71.884967,0.8432,-100.5860,2026-03-24T02:04:39.844536
34000,74.371424,0.8385,-110.8820,2026-03-24T02:05:30.306703
35000,76.727597,0.8338,-101.0180,2026-03-24T02:06:21.303851
36000,73.660276,0.8290,-81.5820,2026-03-24T02:07:14.738368
37000,68.522591,0.8242,-100.9220,2026-03-24T02:08:05.401657
38000,70.506080,0.8195,-102.9200,2026-03-24T02:08:54.852407
39000,69.792633,0.8148,-75.6400,2026-03-24T02:09:47.248689
40000,72.066915,0.8100,-95.2420,2026-03-24T02:10:37.982824
41000,75.056118,0.8052,-116.4700,2026-03-24T02:11:29.434955
42000,74.081058,0.8005,-84.7260,2026-03-24T02:12:20.935390
43000,76.233495,0.7957,-112.5500,2026-03-24T02:13:11.809939
44000,70.840316,0.7910,-79.8340,2026-03-24T02:14:03.962428
45000,70.015143,0.7862,-99.5800,2026-03-24T02:14:53.922703
46000,71.656363,0.7815,-81.7020,2026-03-24T02:15:43.545743
47000,72.071453,0.7767,-110.4360,2026-03-24T02:16:35.675764
48000,71.313481,0.7720,-77.4680,2026-03-24T02:17:25.312356
49000,69.768015,0.7673,-79.1840,2026-03-24T02:18:15.254047
50000,69.338584,0.7625,-83.1980,2026-03-24T02:19:05.835788
51000,68.652001,0.7578,-91.6060,2026-03-24T02:19:56.633144
52000,67.182974,0.7530,-77.8660,2026-03-24T02:20:48.496477
53000,68.099060,0.7483,-98.9900,2026-03-24T02:21:38.351089
54000,69.545508,0.7435,-68.4720,2026-03-24T02:22:28.219010
55000,69.111800,0.7388,-62.3480,2026-03-24T02:23:18.499699
56000,70.397666,0.7340,-111.6640,2026-03-24T02:24:09.070242
57000,71.196567,0.7293,-79.5160,2026-03-24T02:24:58.774793
58000,70.564240,0.7245,-75.9640,2026-03-24T02:25:49.887774
59000,72.268954,0.7198,-74.3800,2026-03-24T02:26:41.522728
60000,65.994871,0.7150,-74.6080,2026-03-24T02:27:33.698785
61000,66.636989,0.7103,-80.6180,2026-03-24T02:28:23.648338
62000,69.573929,0.7055,-97.3440,2026-03-24T02:29:14.132238
63000,69.424713,0.7007,-87.1300,2026-03-24T02:30:04.294833
64000,67.519099,0.6960,-99.3800,2026-03-24T02:30:59.206856
65000,67.158370,0.6913,-75.7020,2026-03-24T02:31:50.313940
66000,65.568507,0.6865,-92.1000,2026-03-24T02:32:41.630842
67000,68.241305,0.6817,-110.3400,2026-03-24T02:33:31.480238
68000,69.139931,0.6770,-122.6460,2026-03-24T02:34:22.298761
69000,73.532570,0.6722,-108.3760,2026-03-24T02:35:13.024590
70000,73.088367,0.6675,-86.2580,2026-03-24T02:36:05.215993
71000,70.611170,0.6628,-91.7060,2026-03-24T02:36:56.435900
72000,68.826159,0.6580,-83.5480,2026-03-24T02:37:47.298590
73000,68.689656,0.6532,-66.9620,2026-03-24T02:38:37.653653
74000,71.111902,0.6485,-107.4640,2026-03-24T02:39:27.355325
75000,68.497147,0.6438,-81.7980,2026-03-24T02:40:16.124526
76000,66.266442,0.6390,-85.5500,2026-03-24T02:41:08.176662
77000,64.066810,0.6342,-95.3480,2026-03-24T02:42:00.025454
78000,63.734408,0.6295,-80.7080,2026-03-24T02:42:50.827769
79000,66.651296,0.6248,-113.1360,2026-03-24T02:43:39.869612
80000,69.453649,0.6200,-76.0040,2026-03-24T02:44:29.702885
81000,67.891020,0.6153,-68.7820,2026-03-24T02:45:29.735702
82000,65.474477,0.6105,-76.8860,2026-03-24T02:46:22.621026
83000,66.520918,0.6058,-87.5680,2026-03-24T02:47:13.063741
84000,66.654655,0.6010,-67.7760,2026-03-24T02:48:01.590613
85000,67.695193,0.5962,-91.6280,2026-03-24T02:48:50.946997
86000,66.443214,0.5915,-75.5220,2026-03-24T02:49:43.138203
87000,64.661383,0.5868,-93.2680,2026-03-24T02:50:32.645765
88000,64.849224,0.5820,-87.6700,2026-03-24T02:51:23.710570
89000,68.632762,0.5773,-71.0620,2026-03-24T02:52:13.820892
90000,66.304726,0.5725,-74.2940,2026-03-24T02:53:03.388558
91000,65.528751,0.5677,-87.4460,2026-03-24T02:53:53.529720
92000,63.427470,0.5630,-67.3020,2026-03-24T02:54:43.199753
93000,64.204078,0.5582,-75.5260,2026-03-24T02:55:33.962731
94000,64.847715,0.5535,-73.0280,2026-03-24T02:56:24.786465
95000,70.589088,0.5487,-78.3760,2026-03-24T02:57:14.676367
96000,70.542048,0.5440,-87.1580,2026-03-24T02:58:05.947675
97000,72.252998,0.5392,-79.4220,2026-03-24T02:58:56.073956
98000,65.750764,0.5345,-69.0780,2026-03-24T02:59:45.778770
99000,64.735129,0.5297,-88.8080,2026-03-24T03:00:36.650959
100000,61.985026,0.5250,-77.9940,2026-03-24T03:01:25.979535
1000,4.398117,0.9952,-4.9900,2026-03-24T03:27:35.176311
2000,0.097447,0.9905,-4.9900,2026-03-24T03:28:22.138954
1000,2450.834581,0.9952,-99.9900,2026-03-24T03:30:05.164711
1000,2345.385517,0.9952,-99.9900,2026-03-24T03:32:03.297666
2000,247.155220,0.9905,-99.9900,2026-03-24T03:32:52.627860
3000,65.952485,0.9858,-99.9900,2026-03-24T03:33:42.706174
4000,4.963286,0.9810,-99.9900,2026-03-24T03:34:32.827981
5000,0.043774,0.9763,-99.9900,2026-03-24T03:35:22.143277
6000,0.016212,0.9715,-99.9900,2026-03-24T03:36:15.587736
7000,0.015473,0.9667,-99.9900,2026-03-24T03:37:04.960004
8000,0.015553,0.9620,-99.9900,2026-03-24T03:37:53.866921
9000,0.015637,0.9572,-99.9900,2026-03-24T03:38:43.476069
10000,0.015867,0.9525,-99.9900,2026-03-24T03:39:31.810940
11000,0.015866,0.9477,-99.9900,2026-03-24T03:40:21.398849
12000,0.015824,0.9430,-99.9900,2026-03-24T03:41:10.847332
13000,0.016139,0.9383,-99.9900,2026-03-24T03:42:00.966377
14000,0.016782,0.9335,-99.9900,2026-03-24T03:42:50.866432
15000,0.016632,0.9288,-99.9900,2026-03-24T03:43:40.014234
16000,0.017092,0.9240,-99.9900,2026-03-24T03:44:30.638122
17000,0.016369,0.9193,-99.9900,2026-03-24T03:45:19.781960
18000,0.016918,0.9145,-99.9900,2026-03-24T03:46:11.224377
19000,0.016494,0.9097,-99.9900,2026-03-24T03:47:02.054246
20000,0.016501,0.9050,-99.9900,2026-03-24T03:47:52.425328
21000,0.016485,0.9002,-99.9900,2026-03-24T03:48:42.436730
22000,0.016615,0.8955,-99.9900,2026-03-24T03:49:31.534664
23000,0.016697,0.8907,-99.9900,2026-03-24T03:50:21.192215
24000,0.017064,0.8860,-99.9900,2026-03-24T03:51:11.943922
25000,0.016708,0.8813,-99.9900,2026-03-24T03:52:02.412315
26000,0.017178,0.8765,-99.9900,2026-03-24T03:52:51.677405
27000,0.016977,0.8717,-99.9900,2026-03-24T03:53:41.051409
28000,0.016493,0.8670,-99.9900,2026-03-24T03:54:30.479247
29000,0.016819,0.8623,-99.9900,2026-03-24T03:55:21.613514
30000,0.016694,0.8575,-99.9900,2026-03-24T03:56:12.738589
31000,0.016406,0.8528,-99.9900,2026-03-24T03:57:03.633922
32000,0.016202,0.8480,-99.9900,2026-03-24T03:57:51.788880
33000,0.016930,0.8432,-99.9900,2026-03-24T03:58:39.707688
34000,0.016471,0.8385,-99.9900,2026-03-24T03:59:28.700992
35000,0.016656,0.8338,-99.9900,2026-03-24T04:00:17.856757
36000,0.016906,0.8290,-99.9900,2026-03-24T04:01:06.895349
37000,0.016661,0.8242,-99.9900,2026-03-24T04:01:55.611809
38000,0.016352,0.8195,-99.9900,2026-03-24T04:02:44.771104
39000,0.016841,0.8148,-99.9900,2026-03-24T04:03:33.770074
40000,0.016594,0.8100,-99.9900,2026-03-24T04:04:22.120891
41000,0.016464,0.8052,-99.9900,2026-03-24T04:05:13.308868
42000,0.016542,0.8005,-99.9900,2026-03-24T04:06:02.746154
43000,0.015752,0.7957,-99.9900,2026-03-24T04:06:54.693067
44000,0.016204,0.7910,-99.9900,2026-03-24T04:07:43.952452
45000,0.016570,0.7862,-99.9900,2026-03-24T04:08:33.671604
46000,0.016081,0.7815,-99.9900,2026-03-24T04:09:25.560465
47000,0.015665,0.7767,-99.9900,2026-03-24T04:10:15.868851
48000,0.015773,0.7720,-99.9900,2026-03-24T04:11:06.011256
49000,0.016503,0.7673,-99.9900,2026-03-24T04:11:54.081292
50000,0.015734,0.7625,-99.9900,2026-03-24T04:12:41.773403
51000,0.015848,0.7578,-99.9900,2026-03-24T04:13:31.212011
52000,0.016094,0.7530,-99.9900,2026-03-24T04:14:20.262615
53000,0.016313,0.7483,-99.9900,2026-03-24T04:15:09.646990
54000,0.015339,0.7435,-99.9900,2026-03-24T04:16:00.125461
55000,0.015281,0.7388,-99.9900,2026-03-24T04:16:49.800015
56000,0.015659,0.7340,-99.9900,2026-03-24T04:17:41.085840
57000,0.015467,0.7293,-99.9900,2026-03-24T04:18:32.321672
58000,0.015047,0.7245,-99.9900,2026-03-24T04:19:22.500298
59000,0.015006,0.7198,-99.9900,2026-03-24T04:20:11.465966
60000,0.015161,0.7150,-99.9900,2026-03-24T04:21:01.613181
61000,0.014606,0.7103,-99.9900,2026-03-24T04:21:51.419109
62000,0.015287,0.7055,-99.9900,2026-03-24T04:22:40.164770
63000,0.014838,0.7007,-99.9900,2026-03-24T04:23:30.574503
64000,0.014481,0.6960,-99.9900,2026-03-24T04:24:21.445649
65000,0.014909,0.6913,-99.9900,2026-03-24T04:25:11.999715
66000,0.014661,0.6865,-99.9900,2026-03-24T04:26:03.441144
67000,0.014898,0.6817,-99.9900,2026-03-24T04:26:53.132675
68000,0.014257,0.6770,-99.9900,2026-03-24T04:27:42.370762
69000,0.014573,0.6722,-99.9900,2026-03-24T04:28:32.429076
70000,0.014525,0.6675,-99.9900,2026-03-24T04:29:22.677134
71000,0.014307,0.6628,-99.9900,2026-03-24T04:30:11.364611
72000,0.014158,0.6580,-99.9900,2026-03-24T04:30:59.917400
73000,0.014098,0.6532,-99.9900,2026-03-24T04:31:48.874867
74000,0.014351,0.6485,-99.9900,2026-03-24T04:32:37.156223
75000,0.013671,0.6438,-99.9900,2026-03-24T04:33:25.587935
76000,0.013310,0.6390,-99.9900,2026-03-24T04:34:13.964656
77000,0.013801,0.6342,-99.9900,2026-03-24T04:35:03.027306
78000,0.013337,0.6295,-99.9900,2026-03-24T04:36:00.510866
79000,0.013111,0.6248,-99.9900,2026-03-24T04:36:50.066240
80000,0.013524,0.6200,-99.9900,2026-03-24T04:37:39.460675
81000,0.013481,0.6153,-99.9900,2026-03-24T04:38:28.698001
82000,0.012655,0.6105,-99.9900,2026-03-24T04:39:17.795908
83000,0.013160,0.6058,-99.9900,2026-03-24T04:40:07.430473
84000,0.012440,0.6010,-99.9900,2026-03-24T04:40:56.974308
85000,0.012977,0.5962,-99.9900,2026-03-24T04:41:46.437504
86000,0.012952,0.5915,-99.9900,2026-03-24T04:42:36.370440
87000,0.012118,0.5868,-99.9900,2026-03-24T04:43:26.363749
88000,0.012726,0.5820,-99.9900,2026-03-24T04:44:17.016540
89000,0.011691,0.5773,-99.9900,2026-03-24T04:45:07.371108
90000,0.012480,0.5725,-99.9900,2026-03-24T04:45:57.922589
91000,0.011744,0.5677,-99.9900,2026-03-24T04:46:48.762111
92000,0.012450,0.5630,-99.9900,2026-03-24T04:47:38.826722
93000,0.011685,0.5582,-99.9900,2026-03-24T04:48:28.343970
94000,0.012474,0.5535,-99.9900,2026-03-24T04:49:18.219658
95000,0.011879,0.5487,-99.9900,2026-03-24T04:50:06.700900
96000,0.011523,0.5440,-99.9900,2026-03-24T04:50:56.580303
97000,0.011411,0.5392,-99.9900,2026-03-24T04:51:46.238805
98000,0.012082,0.5345,-99.9900,2026-03-24T04:52:35.401157
99000,0.011100,0.5297,-99.9900,2026-03-24T04:53:24.877151
100000,0.011811,0.5250,-99.9900,2026-03-24T04:54:14.375298
1000,4.198482,0.9952,-4.9900,2026-03-24T11:52:46.927285
2000,0.117117,0.9905,-4.9900,2026-03-24T11:53:38.842468
3000,0.024645,0.9858,-4.9900,2026-03-24T11:54:28.670210
4000,0.022393,0.9810,-4.9900,2026-03-24T11:55:18.375005
5000,0.021915,0.9763,-4.9900,2026-03-24T11:56:12.180631
6000,0.021074,0.9715,-4.9900,2026-03-24T11:57:05.022450
7000,0.020267,0.9667,-4.9900,2026-03-24T11:57:57.260311
8000,0.022155,0.9620,-4.9900,2026-03-24T11:58:49.704838
9000,0.021242,0.9572,-4.9900,2026-03-24T11:59:42.492118
10000,0.021476,0.9525,-4.9900,2026-03-24T12:00:36.236450
11000,0.022190,0.9477,-4.9900,2026-03-24T12:01:36.633541
12000,0.021724,0.9430,-4.9900,2026-03-24T12:02:31.118026
13000,0.022465,0.9383,-4.9900,2026-03-24T12:03:20.697037
14000,0.022180,0.9335,-4.9900,2026-03-24T12:04:09.595530
15000,0.022529,0.9288,-4.9900,2026-03-24T12:04:57.888385
16000,0.022496,0.9240,-4.9900,2026-03-24T12:05:46.507831
17000,0.022889,0.9193,-4.9900,2026-03-24T12:06:37.730962
18000,0.022024,0.9145,-4.9900,2026-03-24T12:07:32.156857
19000,0.021642,0.9097,-4.9900,2026-03-24T12:08:23.441882
20000,0.022102,0.9050,-4.9900,2026-03-24T12:09:14.587297
21000,0.021954,0.9002,-4.9900,2026-03-24T12:10:04.292612
22000,0.021617,0.8955,-4.9900,2026-03-24T12:10:54.082416
23000,0.021564,0.8907,-4.9900,2026-03-24T12:11:43.399047
24000,0.022266,0.8860,-4.9900,2026-03-24T12:12:31.216296
25000,0.021872,0.8813,-4.9900,2026-03-24T12:13:19.126035
26000,0.021844,0.8765,-4.9900,2026-03-24T12:14:07.693729
27000,0.021361,0.8717,-4.9900,2026-03-24T12:14:57.045266
28000,0.020496,0.8670,-4.9900,2026-03-24T12:15:45.714703
29000,0.021049,0.8623,-4.9900,2026-03-24T12:16:35.676000
30000,0.021353,0.8575,-4.9900,2026-03-24T12:17:24.339323
31000,0.020954,0.8528,-4.9900,2026-03-24T12:18:13.473209
32000,0.022015,0.8480,-4.9900,2026-03-24T12:19:02.553243
33000,0.021057,0.8432,-4.9900,2026-03-24T12:19:51.132890
34000,0.021361,0.8385,-4.9900,2026-03-24T12:20:39.605711
35000,0.021050,0.8338,-4.9900,2026-03-24T12:21:28.724882
36000,0.021209,0.8290,-4.9900,2026-03-24T12:22:18.291702
37000,0.020956,0.8242,-4.9900,2026-03-24T12:23:08.245956
38000,0.020488,0.8195,-4.9900,2026-03-24T12:23:57.194502
39000,0.020682,0.8148,-4.9900,2026-03-24T12:24:46.153986
40000,0.021127,0.8100,-4.9900,2026-03-24T12:25:36.221568
41000,0.020807,0.8052,-4.9900,2026-03-24T12:26:27.565995
42000,0.020787,0.8005,-4.9900,2026-03-24T12:27:17.949326
43000,0.020365,0.7957,-4.9900,2026-03-24T12:28:06.820852
44000,0.020396,0.7910,-4.9900,2026-03-24T12:28:56.414030
45000,0.021015,0.7862,-4.9900,2026-03-24T12:29:45.891283
46000,0.020474,0.7815,-4.9900,2026-03-24T12:30:35.899252
47000,0.020762,0.7767,-4.9900,2026-03-24T12:31:25.686987
48000,0.020957,0.7720,-4.9900,2026-03-24T12:32:15.223540
49000,0.020637,0.7673,-4.9900,2026-03-24T12:33:04.716175
50000,0.020217,0.7625,-4.9900,2026-03-24T12:33:54.123120
51000,0.019976,0.7578,-4.9900,2026-03-24T12:34:43.574114
52000,0.019494,0.7530,-4.9900,2026-03-24T12:35:32.567213
53000,0.019447,0.7483,-4.9900,2026-03-24T12:36:22.965534
54000,0.019711,0.7435,-4.9900,2026-03-24T12:37:12.875039
55000,0.020343,0.7388,-4.9900,2026-03-24T12:38:01.278415
56000,0.020271,0.7340,-4.9900,2026-03-24T12:38:51.804420
57000,0.019918,0.7293,-4.9900,2026-03-24T12:39:41.657201
58000,0.020095,0.7245,-4.9900,2026-03-24T12:40:31.450142
59000,0.019117,0.7198,-4.9900,2026-03-24T12:41:20.471486
60000,0.019353,0.7150,-4.9900,2026-03-24T12:42:10.151988
61000,0.019147,0.7103,-4.9900,2026-03-24T12:43:00.300839
62000,0.018712,0.7055,-4.9900,2026-03-24T12:43:49.361785
63000,0.019125,0.7007,-4.9900,2026-03-24T12:44:38.307766
64000,0.018107,0.6960,-4.9900,2026-03-24T12:45:27.135110
65000,0.018785,0.6913,-4.9900,2026-03-24T12:46:17.962555
66000,0.018784,0.6865,-4.9900,2026-03-24T12:47:08.407302
67000,0.019149,0.6817,-4.9900,2026-03-24T12:47:58.140336
68000,0.018473,0.6770,-4.9900,2026-03-24T12:48:48.462013
69000,0.017946,0.6722,-4.9900,2026-03-24T12:49:38.845745
70000,0.017614,0.6675,-4.9900,2026-03-24T12:50:27.791631
71000,0.018204,0.6628,-4.9900,2026-03-24T12:51:16.360454
72000,0.018432,0.6580,-4.9900,2026-03-24T12:52:04.684132
73000,0.018344,0.6532,-4.9900,2026-03-24T12:52:54.780352
74000,0.017923,0.6485,-4.9900,2026-03-24T12:53:44.617796
75000,0.017147,0.6438,-4.9900,2026-03-24T12:54:34.072661
76000,0.016878,0.6390,-4.9900,2026-03-24T12:55:23.939318
77000,0.017586,0.6342,-4.9900,2026-03-24T12:56:14.041145
78000,0.016851,0.6295,-4.9900,2026-03-24T12:57:02.806621
79000,0.017011,0.6248,-4.9900,2026-03-24T12:57:52.253960
80000,0.017884,0.6200,-4.9900,2026-03-24T12:58:41.287964
81000,0.016820,0.6153,-4.9900,2026-03-24T12:59:31.072880
82000,0.016869,0.6105,-4.9900,2026-03-24T13:00:20.756376
83000,0.016452,0.6058,-4.9900,2026-03-24T13:01:10.039557
84000,0.018012,0.6010,-4.9900,2026-03-24T13:01:59.272164
85000,0.016839,0.5962,-4.9900,2026-03-24T13:02:48.606859
86000,0.017448,0.5915,-4.9900,2026-03-24T13:03:38.327747
87000,0.016146,0.5868,-4.9900,2026-03-24T13:04:26.734881
88000,0.016459,0.5820,-4.9900,2026-03-24T13:05:15.004808
89000,0.015702,0.5773,-4.9900,2026-03-24T13:06:04.362165
90000,0.015781,0.5725,-4.9900,2026-03-24T13:06:53.210704
91000,0.015970,0.5677,-4.9900,2026-03-24T13:07:41.899529
92000,0.016211,0.5630,-4.9900,2026-03-24T13:08:29.808138
93000,0.015901,0.5582,-4.9900,2026-03-24T13:09:18.715449
94000,0.015913,0.5535,-4.9900,2026-03-24T13:10:07.026344
95000,0.015773,0.5487,-4.9900,2026-03-24T13:10:55.167591
96000,0.015640,0.5440,-4.9900,2026-03-24T13:11:43.977942
97000,0.016292,0.5392,-4.9900,2026-03-24T13:12:32.113421
98000,0.015201,0.5345,-4.9900,2026-03-24T13:13:20.401791
99000,0.014973,0.5297,-4.9900,2026-03-24T13:14:09.873801
100000,0.015503,0.5250,-4.9900,2026-03-24T13:15:00.329009
1000,88.967798,0.9952,-161.9660,2026-03-24T13:38:36.286391
2000,63.362397,0.9905,-146.7378,2026-03-24T13:39:26.442292
3000,77.513457,0.9858,-156.9158,2026-03-24T13:40:15.905474
4000,87.365121,0.9810,-90.9898,2026-03-24T13:41:05.372059
5000,79.612105,0.9763,-157.6284,2026-03-24T13:41:55.407194
6000,78.735906,0.9715,-173.9698,2026-03-24T13:42:46.231441
7000,78.455995,0.9667,-100.8769,2026-03-24T13:43:37.408708
8000,74.991777,0.9620,-111.6362,2026-03-24T13:44:29.105082
9000,73.884217,0.9572,-113.2038,2026-03-24T13:45:21.143613
10000,69.481885,0.9525,-149.3644,2026-03-24T13:46:12.632737
11000,68.533079,0.9477,-144.1033,2026-03-24T13:47:05.569549
12000,67.654234,0.9430,-118.5127,2026-03-24T13:47:56.301834
13000,66.899715,0.9383,-121.9842,2026-03-24T13:48:47.176108
14000,66.551982,0.9335,-121.3691,2026-03-24T13:49:37.573063
15000,64.490125,0.9288,-127.8173,2026-03-24T13:50:27.676069
16000,64.851537,0.9240,-136.5487,2026-03-24T13:51:17.125330
17000,63.322212,0.9193,-116.1740,2026-03-24T13:52:05.821157
18000,61.657442,0.9145,-125.0073,2026-03-24T13:52:54.295907
19000,57.647082,0.9097,-146.3267,2026-03-24T13:53:43.528793
20000,57.866759,0.9050,-145.6760,2026-03-24T13:54:32.467540
21000,59.225133,0.9002,-153.2140,2026-03-24T13:55:21.696888
22000,59.672134,0.8955,-138.8800,2026-03-24T13:56:13.043986
23000,56.801217,0.8907,-123.1484,2026-03-24T13:57:02.134821
24000,57.151273,0.8860,-103.2256,2026-03-24T13:57:52.014612
25000,56.027150,0.8813,-111.3702,2026-03-24T13:58:40.917749
26000,57.413207,0.8765,-120.7502,2026-03-24T13:59:31.660801
27000,57.634323,0.8717,-126.3678,2026-03-24T14:00:21.541184
28000,55.643113,0.8670,-109.4851,2026-03-24T14:01:10.188040
29000,53.064730,0.8623,-145.7380,2026-03-24T14:02:00.039771
30000,52.816876,0.8575,-108.4018,2026-03-24T14:02:50.112954
31000,52.648233,0.8528,-129.4162,2026-03-24T14:03:40.275639
32000,52.355768,0.8480,-128.1760,2026-03-24T14:04:29.560067
33000,51.022342,0.8432,-140.8147,2026-03-24T14:05:19.138616
34000,50.552344,0.8385,-109.0382,2026-03-24T14:06:10.458130
35000,50.194835,0.8338,-137.0704,2026-03-24T14:07:00.933699
36000,52.466509,0.8290,-133.1980,2026-03-24T14:07:51.652312
37000,51.271043,0.8242,-129.7220,2026-03-24T14:08:42.489840
38000,50.060610,0.8195,-121.5347,2026-03-24T14:09:33.756509
39000,49.404275,0.8148,-113.7060,2026-03-24T14:10:24.650482
40000,50.145517,0.8100,-114.1231,2026-03-24T14:11:13.500780
41000,50.390253,0.8052,-126.2927,2026-03-24T14:12:03.454034
42000,49.256859,0.8005,-115.0478,2026-03-24T14:13:02.608042
43000,48.478670,0.7957,-129.0091,2026-03-24T14:13:52.393501
44000,51.370216,0.7910,-109.7024,2026-03-24T14:14:40.905854
45000,50.930606,0.7862,-108.9953,2026-03-24T14:15:28.992040
46000,51.133304,0.7815,-129.4091,2026-03-24T14:16:19.837921
47000,50.934853,0.7767,-103.8969,2026-03-24T14:17:08.210964
48000,50.281144,0.7720,-118.8802,2026-03-24T14:17:56.894251
49000,50.090780,0.7673,-128.1093,2026-03-24T14:18:45.411335
50000,48.855469,0.7625,-103.8993,2026-03-24T14:19:33.656137
51000,47.767595,0.7578,-114.2029,2026-03-24T14:20:22.863699
52000,47.913877,0.7530,-126.2018,2026-03-24T14:21:11.749954
53000,46.842306,0.7483,-117.0558,2026-03-24T14:21:59.683565
54000,48.896818,0.7435,-103.5511,2026-03-24T14:22:48.278102
55000,48.838658,0.7388,-110.0149,2026-03-24T14:23:37.405404
56000,49.815981,0.7340,-110.8007,2026-03-24T14:24:25.909914
57000,46.988966,0.7293,-129.0740,2026-03-24T14:25:15.212890
58000,47.706287,0.7245,-123.8404,2026-03-24T14:26:04.896299
59000,48.631863,0.7198,-145.7087,2026-03-24T14:26:55.304670
60000,50.588491,0.7150,-117.3836,2026-03-24T14:27:43.749979
61000,49.630878,0.7103,-156.0591,2026-03-24T14:28:31.953707
62000,50.262381,0.7055,-162.9384,2026-03-24T14:29:20.873157
63000,49.897661,0.7007,-139.3531,2026-03-24T14:30:08.670023
64000,51.796693,0.6960,-154.3298,2026-03-24T14:30:56.797083
65000,51.040135,0.6913,-154.5720,2026-03-24T14:31:45.455574
66000,47.981993,0.6865,-107.0884,2026-03-24T14:32:32.948095
67000,50.857954,0.6817,-123.1507,2026-03-24T14:33:20.442694
68000,50.154676,0.6770,-124.0167,2026-03-24T14:34:07.887659
69000,48.402868,0.6722,-134.0213,2026-03-24T14:34:56.021445
70000,48.663566,0.6675,-123.4936,2026-03-24T14:35:43.722309
71000,49.173707,0.6628,-123.8560,2026-03-24T14:36:32.413774
72000,48.363359,0.6580,-120.0933,2026-03-24T14:37:21.628358
73000,49.586551,0.6532,-121.7447,2026-03-24T14:38:10.936164
74000,50.306620,0.6485,-125.5071,2026-03-24T14:39:03.257033
75000,49.841839,0.6438,-158.1569,2026-03-24T14:39:54.014395
76000,50.910494,0.6390,-127.7951,2026-03-24T14:40:42.824196
77000,66.113078,0.6342,-143.7520,2026-03-24T14:41:32.370104
78000,71.773922,0.6295,-121.1829,2026-03-24T14:42:21.915301
79000,48.294506,0.6248,-107.4749,2026-03-24T14:43:11.434374
80000,48.573780,0.6200,-122.6287,2026-03-24T14:44:00.995610
81000,49.952389,0.6153,-113.9584,2026-03-24T14:44:51.077791
82000,49.195236,0.6105,-146.8738,2026-03-24T14:45:40.077184
83000,62.615530,0.6058,-116.5096,2026-03-24T14:46:29.765038
84000,68.536323,0.6010,-142.6731,2026-03-24T14:47:19.425048
85000,69.250443,0.5962,-139.2400,2026-03-24T14:48:08.841394
86000,68.943032,0.5915,-115.0760,2026-03-24T14:48:59.565690
87000,55.203051,0.5868,-131.9782,2026-03-24T14:49:47.605047
88000,59.371773,0.5820,-127.5760,2026-03-24T14:50:35.555659
89000,61.204826,0.5773,-79.8327,2026-03-24T14:51:23.290245
90000,61.079128,0.5725,-145.8538,2026-03-24T14:52:11.041947
91000,50.332933,0.5677,-157.8062,2026-03-24T14:53:00.059314
92000,51.760536,0.5630,-135.5067,2026-03-24T14:53:49.958498
93000,52.682728,0.5582,-114.1676,2026-03-24T14:54:39.946219
94000,58.969622,0.5535,-126.0873,2026-03-24T14:55:29.979301
95000,52.991341,0.5487,-91.1987,2026-03-24T14:56:19.570132
96000,51.903793,0.5440,-122.2716,2026-03-24T14:57:09.608517
97000,46.213946,0.5392,-99.8311,2026-03-24T14:57:59.425951
98000,45.481961,0.5345,-119.7631,2026-03-24T14:58:50.354038
99000,50.604888,0.5297,-136.6062,2026-03-24T14:59:40.591365
100000,60.007362,0.5250,-122.6138,2026-03-24T15:00:29.523692
101000,52.472547,0.5203,-156.9049,2026-03-24T15:25:36.595412
102000,46.812154,0.5155,-163.0680,2026-03-24T15:26:25.965688
103000,52.636282,0.5107,-103.1822,2026-03-24T15:27:14.817868
104000,45.691602,0.5060,-90.0189,2026-03-24T15:28:03.605193
105000,78.445865,0.5013,-126.8642,2026-03-24T15:28:52.987851
106000,59.672685,0.4965,-116.9078,2026-03-24T15:29:41.417044
107000,51.253650,0.4917,-109.8556,2026-03-24T15:30:30.634212
108000,45.333406,0.4870,-126.0238,2026-03-24T15:31:20.849461
109000,45.126161,0.4823,-135.0153,2026-03-24T15:32:11.019976
110000,84.172546,0.4775,-115.7353,2026-03-24T15:33:01.137959
111000,58.844713,0.4728,-151.5453,2026-03-24T15:33:52.712306
112000,53.045092,0.4680,-111.9844,2026-03-24T15:34:41.728314
113000,50.886261,0.4633,-119.0016,2026-03-24T15:35:31.046650
114000,58.610033,0.4585,-121.2562,2026-03-24T15:36:20.487293
115000,65.885460,0.4538,-112.1793,2026-03-24T15:37:10.066355
116000,46.996309,0.4490,-119.4204,2026-03-24T15:37:59.566480
117000,52.673226,0.4443,-132.1829,2026-03-24T15:38:50.284820
118000,65.050946,0.4395,-118.3242,2026-03-24T15:39:39.896312
119000,51.614412,0.4347,-85.9422,2026-03-24T15:40:28.879009
120000,57.668890,0.4300,-136.1284,2026-03-24T15:41:17.966364
121000,63.466532,0.4252,-115.6611,2026-03-24T15:42:08.230428
122000,47.101978,0.4205,-127.3751,2026-03-24T15:42:58.884954
123000,58.763210,0.4157,-141.5751,2026-03-24T15:43:49.147448
124000,44.751522,0.4110,-138.5636,2026-03-24T15:44:37.614023
125000,56.980995,0.4062,-97.3524,2026-03-24T15:45:26.746202
126000,62.410032,0.4015,-143.0827,2026-03-24T15:46:16.918843
127000,43.801509,0.3968,-148.2964,2026-03-24T15:47:06.248099
128000,45.735701,0.3920,-104.7100,2026-03-24T15:47:56.498653
129000,43.110205,0.3873,-122.9760,2026-03-24T15:48:46.708184
130000,43.941645,0.3825,-121.4258,2026-03-24T15:49:35.795749
131000,44.853336,0.3778,-95.2598,2026-03-24T15:50:26.241393
132000,46.007399,0.3730,-81.9084,2026-03-24T15:51:15.805310
133000,42.799849,0.3682,-123.1924,2026-03-24T15:52:08.138404
134000,42.950861,0.3635,-120.1798,2026-03-24T15:52:57.527785
135000,43.534822,0.3587,-107.8396,2026-03-24T15:53:46.813377
136000,41.470052,0.3540,-109.9893,2026-03-24T15:54:36.706018
137000,42.177780,0.3493,-117.9516,2026-03-24T15:55:26.743567
1000,69.498476,0.9952,-197.2193,2026-03-24T15:57:03.926851
2000,56.135313,0.9905,-147.1778,2026-03-24T15:58:00.694049
1000,48.935208,0.9952,-157.5364,2026-03-24T15:59:46.888127
2000,40.018900,0.9905,-135.5178,2026-03-24T16:00:36.291784
3000,31.571911,0.9858,-104.8524,2026-03-24T16:01:26.451912
4000,29.983000,0.9810,-113.3129,2026-03-24T16:02:16.633765
5000,31.820042,0.9763,-101.0596,2026-03-24T16:03:06.488872
6000,31.728650,0.9715,-108.0587,2026-03-24T16:04:03.205735
7000,33.921661,0.9667,-124.5391,2026-03-24T16:05:06.208239
8000,34.899330,0.9620,-104.9356,2026-03-24T16:06:06.040368
9000,40.040127,0.9572,-121.6373,2026-03-24T16:07:09.018593
10000,42.701803,0.9525,-135.1284,2026-03-24T16:08:03.297771
11000,46.092691,0.9477,-97.6653,2026-03-24T16:08:54.772805
12000,49.203220,0.9430,-105.6893,2026-03-24T16:09:44.927729
13000,52.507988,0.9383,-95.0756,2026-03-24T16:10:33.790507
14000,56.326105,0.9335,-120.2978,2026-03-24T16:11:22.669521
15000,57.191133,0.9288,-108.4756,2026-03-24T16:12:10.935473
16000,61.360707,0.9240,-81.2396,2026-03-24T16:13:00.178056
17000,74.731309,0.9193,-124.1818,2026-03-24T16:13:49.250299
18000,81.308137,0.9145,-137.5409,2026-03-24T16:14:38.235747
19000,84.101254,0.9097,-129.7702,2026-03-24T16:15:28.551694
20000,84.943973,0.9050,-126.5436,2026-03-24T16:16:18.470812
21000,84.204608,0.9002,-123.2089,2026-03-24T16:17:08.048493
22000,91.094845,0.8955,-117.7320,2026-03-24T16:17:58.116223
23000,92.606521,0.8907,-118.8244,2026-03-24T16:18:49.318158
24000,95.448200,0.8860,-137.2227,2026-03-24T16:19:40.746361
25000,105.848494,0.8813,-119.0324,2026-03-24T16:20:29.608017
26000,105.803708,0.8765,-96.5076,2026-03-24T16:21:19.848217
27000,120.486443,0.8717,-159.9169,2026-03-24T16:22:10.129711
28000,145.401275,0.8670,-113.1164,2026-03-24T16:22:58.798585
29000,142.340829,0.8623,-146.5564,2026-03-24T16:23:48.414143
30000,159.149563,0.8575,-104.4600,2026-03-24T16:24:36.365624
31000,158.662487,0.8528,-106.8462,2026-03-24T16:25:27.119235
32000,158.826344,0.8480,-102.4751,2026-03-24T16:26:15.299949
33000,177.213621,0.8432,-105.2196,2026-03-24T16:27:06.157374
34000,173.860588,0.8385,-102.0004,2026-03-24T16:27:54.141020
35000,174.973051,0.8338,-128.7476,2026-03-24T16:28:42.372286
36000,176.674263,0.8290,-135.1093,2026-03-24T16:29:32.874008
37000,191.487832,0.8242,-128.8493,2026-03-24T16:30:20.970668
38000,197.153498,0.8195,-107.7684,2026-03-24T16:31:08.890664
39000,211.806859,0.8148,-125.5636,2026-03-24T16:31:57.168577
40000,236.921403,0.8100,-130.5520,2026-03-24T16:32:45.335109
41000,257.352044,0.8052,-140.0329,2026-03-24T16:33:35.159774
42000,254.083864,0.8005,-132.9827,2026-03-24T16:34:24.366595
43000,257.502646,0.7957,-125.8547,2026-03-24T16:35:13.936427
44000,289.863850,0.7910,-107.1578,2026-03-24T16:36:02.417126
45000,314.991653,0.7862,-91.7956,2026-03-24T16:36:51.648075
46000,316.005007,0.7815,-103.6427,2026-03-24T16:37:41.351483
47000,344.879291,0.7767,-107.9089,2026-03-24T16:38:30.719491
48000,332.828389,0.7720,-118.2302,2026-03-24T16:39:21.761299
49000,326.549142,0.7673,-111.2591,2026-03-24T16:40:11.298954
50000,329.834259,0.7625,-126.0773,2026-03-24T16:41:08.024345
51000,339.173304,0.7578,-88.8178,2026-03-24T16:42:05.240353
52000,352.698503,0.7530,-107.2262,2026-03-24T16:42:55.128554
53000,326.363575,0.7483,-110.2227,2026-03-24T16:43:43.405645
54000,337.949177,0.7435,-106.8222,2026-03-24T16:44:43.471260
1000,54.938119,0.9952,-54.5600,2026-03-24T16:46:20.104488
2000,35.220974,0.9905,-72.3173,2026-03-24T16:47:08.295882
3000,27.794386,0.9858,-65.3169,2026-03-24T16:47:55.890964
4000,27.798836,0.9810,-71.3387,2026-03-24T16:48:45.709078
5000,30.310619,0.9763,-59.9067,2026-03-24T16:49:35.599652
6000,30.001972,0.9715,-62.5524,2026-03-24T16:50:27.000710
7000,31.438058,0.9667,-62.9209,2026-03-24T16:51:16.732399
8000,37.063535,0.9620,-44.1307,2026-03-24T16:52:05.994200
9000,39.997417,0.9572,-58.6844,2026-03-24T16:52:55.496379
10000,43.705679,0.9525,-49.9271,2026-03-24T16:53:45.407989
11000,44.709287,0.9477,-54.9893,2026-03-24T16:54:35.667571
12000,45.724980,0.9430,-74.7920,2026-03-24T16:55:24.892305
13000,63.576359,0.9383,-68.5022,2026-03-24T16:56:14.620019
14000,55.772640,0.9335,-63.1520,2026-03-24T16:57:04.165502
15000,64.731490,0.9288,-87.0444,2026-03-24T16:57:53.883656
16000,61.557372,0.9240,-78.8124,2026-03-24T16:58:45.302153
17000,66.979651,0.9193,-98.1440,2026-03-24T16:59:35.594778
18000,72.899876,0.9145,-72.2787,2026-03-24T17:00:25.489301
19000,70.811460,0.9097,-85.8413,2026-03-24T17:01:14.949486
20000,69.239791,0.9050,-55.8444,2026-03-24T17:02:04.414574
21000,82.402055,0.9002,-63.3116,2026-03-24T17:02:54.907549
22000,84.234871,0.8955,-56.3524,2026-03-24T17:03:43.848997
23000,86.330751,0.8907,-64.9667,2026-03-24T17:04:33.806770
24000,92.093261,0.8860,-52.7996,2026-03-24T17:05:23.242071
25000,97.591446,0.8813,-67.6956,2026-03-24T17:06:12.776319
26000,99.601289,0.8765,-65.4404,2026-03-24T17:07:02.676785
27000,107.822817,0.8717,-51.4662,2026-03-24T17:07:51.139628
28000,112.657025,0.8670,-60.8849,2026-03-24T17:08:40.220833
29000,114.684871,0.8623,-79.2849,2026-03-24T17:09:31.231155
30000,124.563001,0.8575,-52.6147,2026-03-24T17:10:20.753983
31000,125.301363,0.8528,-64.4693,2026-03-24T17:11:10.429915
32000,129.016207,0.8480,-81.3844,2026-03-24T17:11:59.951148
33000,131.175750,0.8432,-64.7129,2026-03-24T17:12:49.258010
34000,150.385796,0.8385,-58.8111,2026-03-24T17:13:38.085114
35000,183.853422,0.8338,-90.1262,2026-03-24T17:14:26.948688
36000,192.007375,0.8290,-71.2471,2026-03-24T17:15:16.577754
37000,207.411911,0.8242,-69.9884,2026-03-24T17:16:06.270635
38000,220.782067,0.8195,-66.4111,2026-03-24T17:16:55.723557
39000,237.437827,0.8148,-68.2547,2026-03-24T17:17:44.921424
40000,236.489681,0.8100,-59.7129,2026-03-24T17:18:34.937931
41000,269.622939,0.8052,-82.5253,2026-03-24T17:19:30.089577
42000,265.146240,0.8005,-64.0569,2026-03-24T17:20:22.546674
43000,277.588646,0.7957,-60.4191,2026-03-24T17:21:14.546265
44000,258.855879,0.7910,-68.5209,2026-03-24T17:22:03.754235
45000,274.893612,0.7862,-74.1169,2026-03-24T17:22:53.916506
46000,266.717367,0.7815,-60.3053,2026-03-24T17:23:44.430074
47000,272.884870,0.7767,-57.7342,2026-03-24T17:24:35.385933
48000,257.670233,0.7720,-56.4787,2026-03-24T17:25:26.616031
49000,240.838163,0.7673,-56.1351,2026-03-24T17:26:16.719669
50000,278.078203,0.7625,-62.5707,2026-03-24T17:27:07.314402
51000,273.046689,0.7578,-61.8858,2026-03-24T17:27:57.388194
52000,338.989573,0.7530,-46.2569,2026-03-24T17:28:47.599516
53000,295.165830,0.7483,-58.0982,2026-03-24T17:29:38.091707
54000,312.868536,0.7435,-63.6093,2026-03-24T17:30:28.826522
55000,304.938014,0.7388,-73.5089,2026-03-24T17:31:19.338529
56000,621.071206,0.7340,-58.7107,2026-03-24T17:32:09.345179
57000,686.944127,0.7293,-52.6333,2026-03-24T17:32:58.010807
58000,735.483900,0.7245,-55.4938,2026-03-24T17:33:46.834967
59000,747.993841,0.7198,-64.8747,2026-03-24T17:34:35.438207
60000,1943.119334,0.7150,-63.4636,2026-03-24T17:35:24.905394
61000,2080.510986,0.7103,-65.3684,2026-03-24T17:36:15.281958
62000,6658.530115,0.7055,-58.6662,2026-03-24T17:37:05.077654
63000,1581.960220,0.7007,-84.8573,2026-03-24T17:37:54.083082
64000,5538.293930,0.6960,-62.6738,2026-03-24T17:38:43.132643
65000,12932.336477,0.6913,-70.4156,2026-03-24T17:39:33.682249
66000,39580.626591,0.6865,-53.6067,2026-03-24T17:40:24.366948
67000,5874.393196,0.6817,-56.0342,2026-03-24T17:41:15.292145
68000,62700.853276,0.6770,-52.5147,2026-03-24T17:42:05.934652
69000,32966.458171,0.6722,-69.6676,2026-03-24T17:42:56.564479
70000,26241.491432,0.6675,-61.4653,2026-03-24T17:43:46.661850
71000,126616.442427,0.6628,-71.1218,2026-03-24T17:44:36.191178
72000,131918.594143,0.6580,-60.3667,2026-03-24T17:45:25.740020
73000,146595.866723,0.6532,-60.9596,2026-03-24T17:46:16.274629
74000,115794.089833,0.6485,-58.6996,2026-03-24T17:47:05.173222
75000,362412.433124,0.6438,-74.8329,2026-03-24T17:47:54.495244
76000,314072.751964,0.6390,-60.7742,2026-03-24T17:48:45.676722
77000,132892.602751,0.6342,-62.6760,2026-03-24T17:49:35.855880
78000,322296.889706,0.6295,-86.5062,2026-03-24T17:50:25.054977
79000,161629.779030,0.6248,-69.4884,2026-03-24T17:51:14.186516
80000,113604.095210,0.6200,-67.2342,2026-03-24T17:52:02.723159
81000,159795.944859,0.6153,-44.1622,2026-03-24T17:52:52.175472
82000,55422.634310,0.6105,-56.1889,2026-03-24T17:53:41.516201
83000,4382.420876,0.6058,-73.7240,2026-03-24T17:54:31.649362
84000,2654.456468,0.6010,-75.8827,2026-03-24T17:55:22.205857
85000,2352.547419,0.5962,-66.4880,2026-03-24T17:56:12.732420
86000,4208.039297,0.5915,-68.8964,2026-03-24T17:57:04.218003
87000,3166.649550,0.5868,-64.9653,2026-03-24T17:57:54.368655
88000,1939.715072,0.5820,-53.2453,2026-03-24T17:58:45.499520
89000,2082.808679,0.5773,-52.4111,2026-03-24T17:59:35.967209
90000,1495.362354,0.5725,-66.1440,2026-03-24T18:00:26.566843
91000,1159.388711,0.5677,-60.8436,2026-03-24T18:01:16.824660
92000,960.267043,0.5630,-53.0902,2026-03-24T18:02:06.189627
93000,1448.315458,0.5582,-50.6778,2026-03-24T18:02:56.609115
94000,781.181335,0.5535,-64.2556,2026-03-24T18:03:46.880835
95000,1413.150111,0.5487,-55.1573,2026-03-24T18:04:37.885115
96000,1259.043420,0.5440,-52.3320,2026-03-24T18:05:27.738145
97000,741.688988,0.5392,-59.3453,2026-03-24T18:06:16.505544
98000,856.866543,0.5345,-42.9742,2026-03-24T18:07:06.281263
99000,769.054928,0.5297,-77.1942,2026-03-24T18:07:56.564230
100000,404.088739,0.5250,-58.1484,2026-03-24T18:08:48.293312
101000,1211.897589,0.5203,-46.6316,2026-03-24T18:46:55.964230
102000,767.542347,0.5155,-81.5738,2026-03-24T18:47:44.595157
103000,704.928637,0.5107,-64.7316,2026-03-24T18:48:34.829058
104000,248.350429,0.5060,-86.1822,2026-03-24T18:49:24.851805
105000,631.853423,0.5013,-48.5471,2026-03-24T18:50:14.121784
106000,344.680427,0.4965,-52.5951,2026-03-24T18:51:04.927248
107000,260.690000,0.4917,-60.2782,2026-03-24T18:51:55.444637
108000,338.556923,0.4870,-46.5182,2026-03-24T18:52:45.386295
109000,386.871019,0.4823,-54.3209,2026-03-24T18:53:34.617300
110000,358.887560,0.4775,-49.8156,2026-03-24T18:54:24.405203
111000,504.343941,0.4728,-54.1102,2026-03-24T18:55:14.351338
112000,305.000235,0.4680,-72.3693,2026-03-24T18:56:04.058944
113000,530.803957,0.4633,-49.2227,2026-03-24T18:56:53.793470
114000,569.597917,0.4585,-57.3089,2026-03-24T18:57:43.096039
115000,412.865475,0.4538,-50.0244,2026-03-24T18:58:32.915128
116000,751.179224,0.4490,-52.5991,2026-03-24T18:59:21.863872
117000,428.455140,0.4443,-65.9844,2026-03-24T19:00:11.114646
118000,450.584061,0.4395,-50.1858,2026-03-24T19:01:02.480063
119000,479.273935,0.4347,-62.2022,2026-03-24T19:01:51.573197
120000,263.905871,0.4300,-52.3760,2026-03-24T19:02:40.427208
121000,200.940365,0.4252,-51.1853,2026-03-24T19:03:30.188588
122000,143.840195,0.4205,-53.4742,2026-03-24T19:04:19.443597
123000,119.086127,0.4157,-51.7996,2026-03-24T19:05:09.298249
124000,95.322876,0.4110,-54.5760,2026-03-24T19:05:59.686690
125000,179.658407,0.4062,-44.4138,2026-03-24T19:06:49.388035
126000,189.068878,0.4015,-45.2253,2026-03-24T19:07:39.616363
127000,168.924623,0.3968,-50.4924,2026-03-24T19:08:29.229602
128000,104.632150,0.3920,-44.3236,2026-03-24T19:09:20.452538
129000,175.519720,0.3873,-48.6969,2026-03-24T19:10:10.803216
130000,119.495225,0.3825,-57.6707,2026-03-24T19:11:02.559127
131000,120.555272,0.3778,-54.0413,2026-03-24T19:11:53.066099
132000,126.912112,0.3730,-73.8089,2026-03-24T19:12:42.582092
133000,69.923613,0.3682,-51.6680,2026-03-24T19:13:32.660921
134000,137.908241,0.3635,-60.9244,2026-03-24T19:14:22.706210
135000,202.654016,0.3587,-70.3151,2026-03-24T19:15:12.535544
136000,185.607464,0.3540,-59.9187,2026-03-24T19:16:02.617628
137000,97.628159,0.3493,-57.1556,2026-03-24T19:16:51.777651
138000,84.101315,0.3445,-61.1013,2026-03-24T19:17:40.806279
139000,148.096308,0.3398,-47.0684,2026-03-24T19:18:29.761589
140000,108.681286,0.3350,-62.7600,2026-03-24T19:19:20.360174
141000,201.717310,0.3303,-58.7978,2026-03-24T19:20:09.767270
142000,218.647241,0.3255,-47.3160,2026-03-24T19:21:00.039550
143000,172.469887,0.3208,-50.0711,2026-03-24T19:21:48.908470
144000,49.320524,0.3160,-55.6982,2026-03-24T19:22:38.129550
145000,56.262532,0.3112,-61.2013,2026-03-24T19:23:28.032400
146000,293.161384,0.3065,-47.0382,2026-03-24T19:24:18.600181
147000,326.657967,0.3018,-54.4600,2026-03-24T19:25:08.109125
148000,264.760541,0.2970,-72.3404,2026-03-24T19:25:58.738793
149000,238.924714,0.2923,-54.9613,2026-03-24T19:26:49.487328
150000,135.708938,0.2875,-67.3244,2026-03-24T19:27:40.169651
151000,567.488059,0.2828,-35.6218,2026-03-24T19:28:31.265046
152000,261.323803,0.2780,-48.2453,2026-03-24T19:29:21.209439
153000,337.346264,0.2733,-50.8369,2026-03-24T19:30:10.829807
154000,468.004858,0.2685,-48.8182,2026-03-24T19:31:01.400594
155000,139.566952,0.2638,-62.2716,2026-03-24T19:31:51.470231
156000,246.645175,0.2590,-44.1729,2026-03-24T19:32:40.816448
157000,319.512351,0.2542,-53.3658,2026-03-24T19:33:31.428881
158000,172.987830,0.2495,-50.6373,2026-03-24T19:34:21.782187
159000,339.045044,0.2447,-40.6933,2026-03-24T19:35:12.105251
160000,178.871191,0.2400,-53.1844,2026-03-24T19:36:02.659695
161000,251.697818,0.2352,-52.5222,2026-03-24T19:36:53.542134
162000,178.891495,0.2305,-58.5960,2026-03-24T19:37:43.146286
163000,160.365709,0.2257,-48.9142,2026-03-24T19:38:33.331428
164000,89.680768,0.2210,-65.3116,2026-03-24T19:39:23.554423
165000,77.283101,0.2163,-49.4156,2026-03-24T19:40:14.135265
166000,51.659028,0.2115,-45.0751,2026-03-24T19:41:05.324306
167000,70.929726,0.2068,-66.6751,2026-03-24T19:41:55.225598
168000,55.140034,0.2020,-60.1244,2026-03-24T19:42:45.495411
169000,34.686630,0.1972,-52.2418,2026-03-24T19:43:35.643834
170000,33.082936,0.1925,-59.9302,2026-03-24T19:44:25.244011
171000,41.621656,0.1877,-61.4987,2026-03-24T19:45:14.691104
172000,27.511792,0.1830,-62.5778,2026-03-24T19:46:03.694465
173000,30.631771,0.1782,-30.2538,2026-03-24T19:46:52.987330
174000,30.551177,0.1735,-46.3036,2026-03-24T19:47:42.680661
175000,31.213117,0.1688,-48.6822,2026-03-24T19:48:31.977529
176000,28.176607,0.1640,-63.0276,2026-03-24T19:49:21.832796
177000,25.928507,0.1593,-44.7396,2026-03-24T19:50:12.109055
178000,26.618527,0.1545,-51.5080,2026-03-24T19:51:03.282765
179000,26.846676,0.1498,-55.8884,2026-03-24T19:51:52.349155
180000,31.921910,0.1450,-56.6964,2026-03-24T19:52:42.313005
181000,29.786083,0.1403,-55.1529,2026-03-24T19:53:32.190102
182000,28.456642,0.1355,-37.3862,2026-03-24T19:54:21.642960
183000,26.195606,0.1307,-64.3511,2026-03-24T19:55:10.658172
184000,27.732273,0.1260,-49.4084,2026-03-24T19:55:58.910739
185000,25.406880,0.1212,-59.6947,2026-03-24T19:56:47.478053
186000,27.699704,0.1165,-53.6862,2026-03-24T19:57:37.281914
187000,25.505939,0.1117,-59.9680,2026-03-24T19:58:26.935658
188000,26.675674,0.1070,-50.8800,2026-03-24T19:59:15.995220
189000,24.855788,0.1023,-55.2858,2026-03-24T20:00:04.427966
190000,25.957253,0.0975,-57.1676,2026-03-24T20:00:54.825587
191000,25.530167,0.0928,-43.2324,2026-03-24T20:01:44.935656
192000,25.371230,0.0880,-44.6996,2026-03-24T20:02:34.626762
193000,25.471945,0.0833,-57.5178,2026-03-24T20:03:24.447248
194000,24.170516,0.0785,-55.8404,2026-03-24T20:04:14.163769
195000,27.158042,0.0737,-53.1400,2026-03-24T20:05:03.852000
196000,25.045842,0.0690,-57.5609,2026-03-24T20:05:53.562066
197000,25.600292,0.0642,-48.5356,2026-03-24T20:06:43.283826
198000,25.927129,0.0595,-53.3422,2026-03-24T20:07:33.059325
199000,24.810010,0.0547,-68.0693,2026-03-24T20:08:23.834591
200000,24.572182,0.0500,-64.1427,2026-03-24T20:09:14.455150
1000,29.044899,0.9952,-33.2547,2026-03-24T20:14:24.796345
2000,20.511426,0.9905,-33.8853,2026-03-24T20:15:11.405007
3000,46.700548,0.9858,-44.9533,2026-03-24T20:15:59.259292
4000,44.158508,0.9810,-41.6227,2026-03-24T20:16:46.208837
5000,31.872940,0.9763,-36.2947,2026-03-24T20:17:34.550040
6000,32.298431,0.9715,-51.6680,2026-03-24T20:18:23.153776
7000,30.366400,0.9667,-35.8693,2026-03-24T20:19:10.358757
8000,35.276042,0.9620,-41.7080,2026-03-24T20:19:57.428564
9000,37.149579,0.9572,-45.2107,2026-03-24T20:20:46.171839
10000,36.088328,0.9525,-20.1893,2026-03-24T20:21:33.706029
11000,38.188401,0.9477,-50.4707,2026-03-24T20:22:21.184036
12000,38.493741,0.9430,-45.1373,2026-03-24T20:23:08.210298
13000,45.522274,0.9383,-65.0947,2026-03-24T20:23:56.006893
14000,51.255484,0.9335,-22.6293,2026-03-24T20:24:42.927587
15000,48.515280,0.9288,-44.1987,2026-03-24T20:25:29.242553
16000,48.766446,0.9240,-45.5067,2026-03-24T20:26:16.174108
17000,50.063679,0.9193,-37.9520,2026-03-24T20:27:03.521468
18000,50.762139,0.9145,-31.2333,2026-03-24T20:27:51.822718
19000,52.125576,0.9097,-44.9547,2026-03-24T20:28:40.990238
20000,54.092735,0.9050,-47.6573,2026-03-24T20:29:29.161025
21000,57.410373,0.9002,-35.8973,2026-03-24T20:30:20.433331
22000,55.696708,0.8955,-38.6160,2026-03-24T20:31:10.423977
23000,55.797080,0.8907,-55.9720,2026-03-24T20:31:59.726671
24000,63.460762,0.8860,-45.4200,2026-03-24T20:32:48.553916
25000,61.402944,0.8813,-35.9453,2026-03-24T20:33:36.669003
26000,67.871620,0.8765,-37.8760,2026-03-24T20:34:25.971303
27000,63.104057,0.8717,-42.2493,2026-03-24T20:35:14.438791
28000,70.534465,0.8670,-52.1333,2026-03-24T20:36:02.473185
29000,76.671593,0.8623,-41.9147,2026-03-24T20:36:50.758928
30000,71.423392,0.8575,-46.8587,2026-03-24T20:37:39.913041
31000,75.585350,0.8528,-37.5427,2026-03-24T20:38:30.967299
32000,70.019824,0.8480,-47.3947,2026-03-24T20:39:19.850901
33000,73.864470,0.8432,-39.4293,2026-03-24T20:40:08.668666
34000,79.634744,0.8385,-43.5960,2026-03-24T20:40:58.647924
35000,78.984839,0.8338,-50.0773,2026-03-24T20:41:47.320806
36000,80.576841,0.8290,-39.6200,2026-03-24T20:42:35.798754
37000,83.218894,0.8242,-46.6280,2026-03-24T20:43:24.625682
38000,91.517705,0.8195,-41.3987,2026-03-24T20:44:13.544033
39000,87.778587,0.8148,-64.4627,2026-03-24T20:45:02.861604
40000,94.765837,0.8100,-53.2040,2026-03-24T20:45:51.588941
41000,95.025984,0.8052,-46.3187,2026-03-24T20:46:40.665345
42000,94.078019,0.8005,-34.6093,2026-03-24T20:47:29.040394
43000,101.931220,0.7957,-43.0200,2026-03-24T20:48:17.381621
44000,100.097673,0.7910,-38.4867,2026-03-24T20:49:11.127885
45000,98.743786,0.7862,-48.7173,2026-03-24T20:50:02.902228
46000,107.569168,0.7815,-51.3733,2026-03-24T20:50:55.844150
47000,108.007723,0.7767,-45.8213,2026-03-24T20:51:44.282262
48000,113.838152,0.7720,-34.1187,2026-03-24T20:52:33.008376
49000,104.543684,0.7673,-35.2107,2026-03-24T20:53:22.441737
50000,112.796805,0.7625,-34.9160,2026-03-24T20:54:12.217548
51000,126.273439,0.7578,-52.2173,2026-03-24T20:55:01.594087
52000,117.811856,0.7530,-41.5587,2026-03-24T20:55:50.645767
53000,126.303379,0.7483,-41.1387,2026-03-24T20:56:39.831047
54000,123.705507,0.7435,-33.7867,2026-03-24T20:57:28.895357
55000,133.228316,0.7388,-39.2293,2026-03-24T20:58:17.044497
56000,127.279639,0.7340,-55.0893,2026-03-24T20:59:05.242976
57000,135.350077,0.7293,-30.4560,2026-03-24T20:59:53.765796
58000,121.641434,0.7245,-29.1987,2026-03-24T21:00:44.624352
59000,134.186597,0.7198,-27.9280,2026-03-24T21:01:34.274694
60000,144.006880,0.7150,-37.1213,2026-03-24T21:02:23.906405
61000,132.890767,0.7103,-31.3467,2026-03-24T21:03:13.324823
62000,128.799614,0.7055,-42.6507,2026-03-24T21:04:02.334222
63000,126.878433,0.7007,-49.7293,2026-03-24T21:04:51.237702
64000,134.155818,0.6960,-33.5360,2026-03-24T21:05:40.303192
65000,138.146071,0.6913,-48.1427,2026-03-24T21:06:28.649383
66000,134.591266,0.6865,-27.5867,2026-03-24T21:07:17.056179
67000,144.581494,0.6817,-38.5347,2026-03-24T21:08:06.986748
68000,140.392799,0.6770,-43.3267,2026-03-24T21:08:55.920648
69000,146.505036,0.6722,-46.7733,2026-03-24T21:09:45.627175
70000,147.692038,0.6675,-23.4987,2026-03-24T21:10:38.077141
71000,171.816816,0.6628,-61.2800,2026-03-24T21:11:28.068103
72000,145.280471,0.6580,-34.6733,2026-03-24T21:12:17.913253
73000,158.803717,0.6532,-41.8680,2026-03-24T21:13:07.095218
74000,155.989488,0.6485,-47.2080,2026-03-24T21:13:56.530510
75000,154.368175,0.6438,-40.9667,2026-03-24T21:14:45.728188
76000,147.784936,0.6390,-43.0547,2026-03-24T21:15:35.694103
77000,149.081352,0.6342,-10.3627,2026-03-24T21:16:24.245338
78000,141.159592,0.6295,-48.1013,2026-03-24T21:17:12.569060
79000,147.385623,0.6248,-38.6147,2026-03-24T21:18:00.858202
80000,144.369937,0.6200,-41.0627,2026-03-24T21:18:49.293910
81000,148.537578,0.6153,-43.3440,2026-03-24T21:19:39.448719
82000,166.241530,0.6105,-56.1653,2026-03-24T21:20:31.066124
83000,152.865586,0.6058,-34.7773,2026-03-24T21:21:20.498942
84000,148.256249,0.6010,-32.7093,2026-03-24T21:22:09.682928
85000,148.645667,0.5962,-47.9147,2026-03-24T21:22:58.306391
86000,150.958817,0.5915,-19.4933,2026-03-24T21:23:47.223533
87000,166.598804,0.5868,-63.2120,2026-03-24T21:24:36.705885
88000,181.963420,0.5820,-45.9987,2026-03-24T21:25:25.587900
89000,248.692619,0.5773,-48.6440,2026-03-24T21:26:13.746797
90000,222.202816,0.5725,-34.4520,2026-03-24T21:27:02.090059
91000,231.033085,0.5677,-41.6707,2026-03-24T21:27:49.843785
92000,234.937413,0.5630,-19.4667,2026-03-24T21:28:37.647706
93000,218.395130,0.5582,-49.6387,2026-03-24T21:29:26.111356
94000,235.652739,0.5535,-24.0933,2026-03-24T21:30:14.042776
95000,194.118631,0.5487,-45.5880,2026-03-24T21:31:02.736767
96000,216.768907,0.5440,-24.3920,2026-03-24T21:31:51.558127
97000,211.285415,0.5392,-38.5480,2026-03-24T21:32:41.320762
98000,182.539714,0.5345,-44.0853,2026-03-24T21:33:31.340609
99000,156.565316,0.5297,-38.3640,2026-03-24T21:34:20.837545
1000,39.899550,0.9952,-67.2065,2026-03-24T22:36:21.773688
2000,26.014445,0.9905,-79.0660,2026-03-24T22:37:12.638134
3000,23.466508,0.9858,-72.1380,2026-03-24T22:38:01.394259
4000,21.536199,0.9810,-76.7510,2026-03-24T22:38:51.039382
5000,20.939958,0.9763,-80.8085,2026-03-24T22:39:39.837437
6000,24.077044,0.9715,-59.6140,2026-03-24T22:40:29.600440
7000,25.169748,0.9667,-103.3085,2026-03-24T22:41:19.311322
8000,26.574821,0.9620,-56.5640,2026-03-24T22:42:08.282055
9000,25.863686,0.9572,-98.4515,2026-03-24T22:42:55.812511
10000,28.220922,0.9525,-100.0220,2026-03-24T22:43:46.295856
11000,27.561685,0.9477,-105.2235,2026-03-24T22:44:34.161378
12000,28.882008,0.9430,-94.5265,2026-03-24T22:45:21.902717
13000,28.714584,0.9383,-94.5520,2026-03-24T22:46:09.360418
14000,32.073938,0.9335,-70.6370,2026-03-24T22:46:56.754252
15000,30.875687,0.9288,-64.4685,2026-03-24T22:47:44.176468
16000,34.049924,0.9240,-70.2630,2026-03-24T22:48:32.372712
17000,35.665688,0.9193,-79.7355,2026-03-24T22:49:21.141866
18000,34.977333,0.9145,-66.7435,2026-03-24T22:50:08.379653
19000,37.731250,0.9097,-109.9050,2026-03-24T22:50:56.536060
20000,37.415540,0.9050,-103.9685,2026-03-24T22:51:44.748807
21000,39.230677,0.9002,-75.1080,2026-03-24T22:52:32.788290
22000,40.022467,0.8955,-100.3475,2026-03-24T22:53:21.620253
23000,40.262695,0.8907,-90.9475,2026-03-24T22:54:10.400088
24000,43.187356,0.8860,-86.4020,2026-03-24T22:54:59.712397
25000,47.674533,0.8813,-62.3640,2026-03-24T22:55:47.675047
26000,52.620862,0.8765,-66.5460,2026-03-24T22:56:35.769692
27000,56.044118,0.8717,-105.3300,2026-03-24T22:57:22.748065
28000,58.202595,0.8670,-94.5865,2026-03-24T22:58:10.947787
29000,57.588860,0.8623,-71.6595,2026-03-24T22:59:00.968467
30000,62.931457,0.8575,-77.8190,2026-03-24T22:59:48.984631
31000,60.157387,0.8528,-104.2495,2026-03-24T23:00:37.535197
32000,68.978661,0.8480,-83.3525,2026-03-24T23:01:25.067636
33000,71.037426,0.8432,-91.1270,2026-03-24T23:02:12.917361
34000,69.597811,0.8385,-92.5345,2026-03-24T23:03:01.906079
35000,77.251153,0.8338,-101.7935,2026-03-24T23:03:51.226028
36000,82.046215,0.8290,-69.0065,2026-03-24T23:04:38.833073
37000,81.784414,0.8242,-97.5000,2026-03-24T23:05:26.494085
38000,87.885294,0.8195,-62.0635,2026-03-24T23:06:14.515293
39000,96.292921,0.8148,-93.2265,2026-03-24T23:07:02.628570
40000,98.376845,0.8100,-86.7585,2026-03-24T23:07:50.545438
41000,111.406270,0.8052,-77.4960,2026-03-24T23:08:37.949257
42000,108.629476,0.8005,-89.6685,2026-03-24T23:09:27.696947
43000,111.792585,0.7957,-94.8330,2026-03-24T23:10:15.652421
44000,125.342260,0.7910,-87.1840,2026-03-24T23:11:03.599536
45000,123.484173,0.7862,-81.4075,2026-03-24T23:11:51.167289
46000,130.458680,0.7815,-66.4720,2026-03-24T23:12:40.566380
47000,152.465766,0.7767,-64.0715,2026-03-24T23:13:28.501709
48000,151.797767,0.7720,-90.4830,2026-03-24T23:14:16.669495
49000,163.290620,0.7673,-87.6225,2026-03-24T23:15:04.373656
50000,183.974382,0.7625,-73.5545,2026-03-24T23:15:51.415028
51000,188.481030,0.7578,-82.6255,2026-03-24T23:16:39.345511
52000,206.201567,0.7530,-96.8000,2026-03-24T23:17:26.409610
53000,203.171775,0.7483,-67.4990,2026-03-24T23:18:13.380020
54000,213.632171,0.7435,-90.9900,2026-03-24T23:19:02.449122
55000,216.280597,0.7388,-89.2715,2026-03-24T23:19:49.661069
56000,210.943258,0.7340,-65.3320,2026-03-24T23:20:37.348951
57000,217.744280,0.7293,-60.3665,2026-03-24T23:21:24.423933
58000,220.802975,0.7245,-98.2595,2026-03-24T23:22:11.905801
59000,213.696215,0.7198,-69.0960,2026-03-24T23:23:02.909200
60000,210.028087,0.7150,-95.5715,2026-03-24T23:23:50.621191
61000,223.882349,0.7103,-88.6750,2026-03-24T23:24:39.448976
62000,231.294563,0.7055,-66.1620,2026-03-24T23:25:27.986188
63000,229.975522,0.7007,-69.9565,2026-03-24T23:26:16.148186
64000,209.053134,0.6960,-70.8070,2026-03-24T23:27:05.079926
65000,213.020538,0.6913,-76.2865,2026-03-24T23:27:53.740278
66000,198.577457,0.6865,-64.7470,2026-03-24T23:28:42.815748
67000,202.155722,0.6817,-80.7625,2026-03-24T23:29:31.997954
68000,199.475723,0.6770,-90.3750,2026-03-24T23:30:20.647909
69000,210.981112,0.6722,-98.0655,2026-03-24T23:31:09.675729
70000,222.845321,0.6675,-68.0165,2026-03-24T23:31:58.328632
71000,219.838864,0.6628,-108.0135,2026-03-24T23:32:47.017945
72000,220.862470,0.6580,-64.6855,2026-03-24T23:33:34.193954
73000,213.127296,0.6532,-73.3545,2026-03-24T23:34:23.273446
74000,211.657292,0.6485,-82.4430,2026-03-24T23:35:11.439329
75000,228.922941,0.6438,-68.4235,2026-03-24T23:35:59.253892
76000,235.166740,0.6390,-64.4690,2026-03-24T23:36:47.175739
77000,220.786675,0.6342,-117.2585,2026-03-24T23:37:37.010888
78000,246.332822,0.6295,-70.2030,2026-03-24T23:38:26.106717
79000,252.357266,0.6248,-68.2230,2026-03-24T23:39:16.513962
80000,242.641990,0.6200,-77.3605,2026-03-24T23:40:04.753446
81000,304.362918,0.6153,-93.9555,2026-03-24T23:40:53.428267
82000,273.448000,0.6105,-87.4440,2026-03-24T23:41:42.161842
83000,291.047173,0.6058,-77.4975,2026-03-24T23:42:29.550680
84000,307.953874,0.6010,-92.1860,2026-03-24T23:43:16.207456
85000,282.265259,0.5962,-79.8965,2026-03-24T23:44:04.190561
86000,282.009653,0.5915,-71.3625,2026-03-24T23:44:52.625868
87000,290.873799,0.5868,-92.0655,2026-03-24T23:45:40.703259
88000,321.461465,0.5820,-69.1505,2026-03-24T23:46:29.427704
89000,320.694166,0.5773,-83.3790,2026-03-24T23:47:19.423270
90000,315.281524,0.5725,-63.5905,2026-03-24T23:48:08.556998
91000,283.965686,0.5677,-83.9320,2026-03-24T23:48:57.474232
92000,256.612510,0.5630,-70.4685,2026-03-24T23:49:45.853299
93000,291.867369,0.5582,-65.5255,2026-03-24T23:50:33.442464
94000,301.390747,0.5535,-75.0355,2026-03-24T23:51:20.886217
95000,276.601200,0.5487,-93.3010,2026-03-24T23:52:09.131151
96000,313.366130,0.5440,-79.0745,2026-03-24T23:52:57.931870
97000,315.747954,0.5392,-85.9085,2026-03-24T23:53:46.388849
98000,311.899422,0.5345,-83.1415,2026-03-24T23:54:35.554497
99000,257.317168,0.5297,-63.5315,2026-03-24T23:55:23.556649
100000,270.720338,0.5250,-80.3260,2026-03-24T23:56:11.466079
101000,249.643724,0.5203,-98.5180,2026-03-25T00:13:17.541513
102000,221.653350,0.5155,-72.4920,2026-03-25T00:14:05.570275
103000,263.011482,0.5107,-115.9360,2026-03-25T00:14:54.917590
104000,223.090564,0.5060,-113.3785,2026-03-25T00:15:44.046059
105000,229.756739,0.5013,-82.0720,2026-03-25T00:16:31.390562
106000,338.837887,0.4965,-60.1070,2026-03-25T00:17:25.729586
107000,347.096631,0.4917,-99.5560,2026-03-25T00:18:18.650317
108000,347.355680,0.4870,-76.7960,2026-03-25T00:19:08.867208
109000,409.371755,0.4823,-88.8345,2026-03-25T00:19:58.326112
110000,325.033378,0.4775,-94.0360,2026-03-25T00:20:47.529825
111000,300.153659,0.4728,-98.2885,2026-03-25T00:21:35.274529
112000,404.528593,0.4680,-76.0000,2026-03-25T00:22:23.312074
113000,249.508525,0.4633,-84.2550,2026-03-25T00:23:11.534887
114000,184.283091,0.4585,-99.3580,2026-03-25T00:23:59.438627
115000,324.017634,0.4538,-73.5610,2026-03-25T00:24:47.639973
116000,242.250975,0.4490,-69.4915,2026-03-25T00:25:36.313047
117000,158.102317,0.4443,-73.7485,2026-03-25T00:26:25.117921
118000,181.441405,0.4395,-73.3880,2026-03-25T00:27:14.301092
119000,162.535677,0.4347,-89.7715,2026-03-25T00:28:03.706687
120000,141.289447,0.4300,-88.4155,2026-03-25T00:28:54.132303
121000,156.503769,0.4252,-86.5865,2026-03-25T00:29:44.279562
122000,134.422722,0.4205,-57.6695,2026-03-25T00:30:33.600117
123000,124.540913,0.4157,-82.3395,2026-03-25T00:31:23.504295
124000,137.196396,0.4110,-75.9785,2026-03-25T00:32:11.937489
125000,123.048269,0.4062,-96.2680,2026-03-25T00:33:01.085850
126000,129.595868,0.4015,-78.7610,2026-03-25T00:33:50.628118
127000,135.974688,0.3968,-91.7415,2026-03-25T00:34:39.985398
128000,148.410365,0.3920,-80.9370,2026-03-25T00:35:29.006076
129000,143.183653,0.3873,-78.0615,2026-03-25T00:36:16.309226
130000,122.458758,0.3825,-85.9690,2026-03-25T00:37:03.947617
131000,143.941881,0.3778,-79.0200,2026-03-25T00:37:52.353417
132000,148.931001,0.3730,-80.8575,2026-03-25T00:38:40.709521
133000,159.555597,0.3682,-80.8700,2026-03-25T00:39:30.938963
134000,138.528262,0.3635,-74.8050,2026-03-25T00:40:19.874692
135000,134.151140,0.3587,-112.0165,2026-03-25T00:41:08.970174
136000,140.777306,0.3540,-77.6480,2026-03-25T00:41:59.013442
137000,123.285536,0.3493,-88.1165,2026-03-25T00:42:49.366773
10000,29.893081,0.9810,-83.3025,2026-03-25T00:54:02.496562
20000,49.814284,0.9620,-85.0650,2026-03-25T01:02:11.226666
30000,82.802086,0.9430,-90.6820,2026-03-25T01:10:24.919514
40000,149.300782,0.9240,-83.0995,2026-03-25T01:18:28.508897
50000,339.699827,0.9050,-82.1235,2026-03-25T01:26:34.502853
60000,524.679506,0.8860,-84.1470,2026-03-25T01:34:37.003810
70000,539.339487,0.8670,-75.1225,2026-03-25T01:42:44.467370
80000,691.076294,0.8480,-90.4320,2026-03-25T01:50:51.949466
90000,1121.004645,0.8290,-97.0265,2026-03-25T01:59:00.337190
100000,2626.329669,0.8100,-51.6240,2026-03-25T02:07:02.609631
110000,1898.283579,0.7910,-55.7690,2026-03-25T02:15:04.696089
120000,4190.481769,0.7720,-76.4425,2026-03-25T02:23:08.367720
130000,9043.762036,0.7530,-90.3505,2026-03-25T02:31:16.085229
140000,51384.374626,0.7340,-92.9085,2026-03-25T02:39:20.055700
150000,246825.032650,0.7150,-88.0925,2026-03-25T02:47:33.692239
160000,107957.494839,0.6960,-60.8825,2026-03-25T02:55:37.507529
170000,36776.558919,0.6770,-38.7860,2026-03-25T03:03:39.223118
180000,6581.265203,0.6580,-93.6700,2026-03-25T03:11:45.263156
190000,8464.799338,0.6390,-82.1570,2026-03-25T03:19:55.593972
200000,10393.477737,0.6200,-82.3955,2026-03-25T03:27:57.841287
210000,2980.695321,0.6010,-89.0170,2026-03-25T03:36:00.609297
220000,2151.805747,0.5820,-78.6960,2026-03-25T03:44:10.096254
230000,535.647040,0.5630,-86.6290,2026-03-25T03:52:15.971263
240000,309.163157,0.5440,-69.9700,2026-03-25T04:00:20.753144
250000,397.948362,0.5250,-98.4405,2026-03-25T04:08:19.507544
260000,274.158694,0.5060,-50.5785,2026-03-25T04:16:32.010102
270000,1313.494232,0.4870,-67.1210,2026-03-25T04:24:40.205612
280000,496.603393,0.4680,-64.3180,2026-03-25T04:32:45.288970
290000,274.024559,0.4490,-55.7340,2026-03-25T04:40:56.565039
300000,584.928702,0.4300,-104.5925,2026-03-25T04:49:03.083929
310000,1005.866577,0.4110,-78.1685,2026-03-25T04:57:07.050630
320000,1400.076212,0.3920,-53.9225,2026-03-25T05:05:13.466095
330000,3171.577097,0.3730,-61.3350,2026-03-25T05:13:13.618796
340000,3851.985413,0.3540,-101.6850,2026-03-25T05:21:17.030904
350000,1862.924789,0.3350,-91.9650,2026-03-25T05:29:25.962467
360000,953.753447,0.3160,-67.4305,2026-03-25T05:37:33.422878
370000,326.871207,0.2970,-53.9035,2026-03-25T05:45:36.991968
380000,155.730028,0.2780,-51.6025,2026-03-25T05:53:37.849507
390000,108.765009,0.2590,-96.2425,2026-03-25T06:01:35.487903
400000,120.856940,0.2400,-51.2200,2026-03-25T06:09:40.919240
410000,170.710724,0.2210,-61.5910,2026-03-25T06:17:35.431278
420000,219.460653,0.2020,-70.5990,2026-03-25T06:25:39.609700
430000,503.528596,0.1830,-74.2390,2026-03-25T06:33:48.602259
440000,2651.094921,0.1640,-62.9450,2026-03-25T06:41:58.091110
450000,6290.304588,0.1450,-88.7310,2026-03-25T06:49:59.878692
460000,13696.106738,0.1260,-47.3740,2026-03-25T06:58:05.957196
470000,168.689273,0.1070,-72.7185,2026-03-25T07:06:07.131278
480000,112.480161,0.0880,-56.2365,2026-03-25T07:14:09.537116
490000,829.064182,0.0690,-72.9680,2026-03-25T07:22:15.458674
500000,365.635978,0.0500,-63.5865,2026-03-25T07:30:24.023367
10000,47.360747,0.9810,103.9955,2026-03-25T17:32:14.579389
10000,25.153382,0.9810,104.5675,2026-03-25T17:46:30.321523
20000,39.118650,0.9620,66.3700,2026-03-25T17:54:49.718802
30000,53.658592,0.9430,63.4050,2026-03-25T18:03:04.457682
40000,70.265617,0.9240,79.8950,2026-03-25T18:11:09.666371
50000,95.828781,0.9050,91.6325,2026-03-25T18:19:13.821642
60000,104.801754,0.8860,118.3700,2026-03-25T18:27:25.247092
70000,126.938608,0.8670,77.4175,2026-03-25T18:35:29.002016
80000,128.556396,0.8480,94.2275,2026-03-25T18:43:41.854935
90000,130.925816,0.8290,71.6150,2026-03-25T18:51:54.272779
100000,141.836062,0.8100,71.0450,2026-03-25T18:59:54.997100
110000,171.704815,0.7910,69.5475,2026-03-25T19:08:02.288451
120000,196.683351,0.7720,114.2675,2026-03-25T19:16:10.743141
130000,316.676587,0.7530,112.3175,2026-03-25T19:24:19.151518
140000,1913.408570,0.7340,90.5075,2026-03-25T19:32:24.712909
150000,2893.142788,0.7150,36.1925,2026-03-25T19:40:34.316662
160000,5961.787198,0.6960,63.3175,2026-03-25T19:48:49.140483
170000,11454.246576,0.6770,71.0675,2026-03-25T19:56:55.226440
180000,12795.954176,0.6580,91.7425,2026-03-25T20:05:10.731232
190000,2186.988645,0.6390,96.2550,2026-03-25T20:13:13.166424
200000,1614.291378,0.6200,46.8875,2026-03-25T20:21:20.911234
210000,1581.775351,0.6010,54.0100,2026-03-25T20:29:26.518771
220000,1516.823137,0.5820,103.4375,2026-03-25T20:37:34.606026
230000,49.822661,0.5630,113.0475,2026-03-25T20:45:50.287609
240000,75.266252,0.5440,216.3275,2026-03-25T20:53:59.254590
250000,46.807602,0.5250,73.6550,2026-03-25T21:02:12.481075
260000,42.899479,0.5060,83.5500,2026-03-25T21:10:34.444271
270000,40.565645,0.4870,85.0100,2026-03-25T21:18:38.392610
280000,44.640147,0.4680,109.9175,2026-03-25T21:26:56.033505
290000,43.199372,0.4490,82.7275,2026-03-25T21:35:08.266704
300000,41.586301,0.4300,147.5200,2026-03-25T21:43:18.484639
310000,40.225440,0.4110,76.9725,2026-03-25T21:51:28.879583
320000,45.662156,0.3920,85.8425,2026-03-25T21:59:37.826976
330000,46.210717,0.3730,41.7875,2026-03-25T22:07:37.950665
10000,791.846952,0.9810,143.6613,2026-03-25T23:10:35.960202
20000,10489.013049,0.9620,174.1125,2026-03-25T23:18:46.724620
30000,178290.664942,0.9430,221.0037,2026-03-25T23:26:55.431714
40000,42387854.886193,0.9240,216.8637,2026-03-25T23:35:06.966155
50000,6418597791.469962,0.9050,285.9887,2026-03-25T23:43:22.816378
60000,1175381079234.528809,0.8860,173.8987,2026-03-25T23:51:37.118806
70000,4988289088615.218750,0.8670,172.4887,2026-03-25T23:59:55.927499
80000,6627300106666.393555,0.8480,140.1825,2026-03-26T00:07:59.155826
90000,44568351241670.656250,0.8290,210.7675,2026-03-26T00:16:11.386452
100000,39377088153871.976562,0.8100,168.4512,2026-03-26T00:24:29.124702
110000,53475998595072.000000,0.7910,156.7588,2026-03-26T00:32:47.883832
120000,118261494749521.515625,0.7720,147.5775,2026-03-26T00:41:16.666543
130000,175673913721382.500000,0.7530,146.5650,2026-03-26T00:49:35.277133
140000,316469924047500.062500,0.7340,218.2137,2026-03-26T00:57:45.780768
150000,526083581396700.375000,0.7150,186.5675,2026-03-26T01:06:03.790073
160000,510285536020227.687500,0.6960,164.9325,2026-03-26T01:14:27.443270
170000,631982630360501.500000,0.6770,317.3625,2026-03-26T01:22:49.396817
180000,130038812810818.359375,0.6580,97.2475,2026-03-26T01:31:02.046815
190000,196027609889043.250000,0.6390,169.9088,2026-03-26T01:39:15.400436
10000,115.122474,0.9810,-116.2588,2026-03-26T02:00:48.820173
20000,88.925924,0.9620,-131.9912,2026-03-26T02:08:54.474209
30000,80.986958,0.9430,-116.1350,2026-03-26T02:17:06.806764
40000,79.473310,0.9240,-122.3538,2026-03-26T02:25:13.667378
50000,80.579945,0.9050,-111.4325,2026-03-26T02:33:19.956725
60000,85.869700,0.8860,-112.2662,2026-03-26T02:41:22.488438
70000,86.128706,0.8670,-124.5550,2026-03-26T02:49:38.672645
80000,86.428169,0.8480,-91.1688,2026-03-26T02:57:45.061662
90000,84.630169,0.8290,-113.0962,2026-03-26T03:05:50.751870
100000,83.655858,0.8100,-126.5537,2026-03-26T03:13:52.777854
110000,83.313695,0.7910,-109.2012,2026-03-26T03:21:51.657759
120000,83.128143,0.7720,-137.9263,2026-03-26T03:29:54.642477
130000,84.990862,0.7530,-116.3875,2026-03-26T03:38:06.334229
140000,81.969917,0.7340,-110.9663,2026-03-26T03:46:09.614696
150000,82.505532,0.7150,-129.1250,2026-03-26T03:54:17.155592
160000,84.911042,0.6960,-108.2337,2026-03-26T04:02:12.948364
170000,85.270763,0.6770,-108.7325,2026-03-26T04:10:19.024132
180000,112.321441,0.6580,-100.4512,2026-03-26T04:18:21.925046
190000,125.135637,0.6390,-101.0100,2026-03-26T04:26:20.450604
200000,121.411925,0.6200,-128.9150,2026-03-26T04:34:27.987558
210000,396.522944,0.6010,-126.4250,2026-03-26T04:42:32.922262
220000,2479.611518,0.5820,-115.0438,2026-03-26T04:50:39.514555
230000,1406.088571,0.5630,-116.3150,2026-03-26T04:58:43.708725
240000,103.347688,0.5440,-95.8300,2026-03-26T05:06:47.650407
250000,83.166364,0.5250,-129.2125,2026-03-26T05:14:50.483108
260000,77.261981,0.5060,-106.0262,2026-03-26T05:22:59.432150
270000,75.680747,0.4870,-102.7825,2026-03-26T05:31:07.355828
280000,90.270483,0.4680,-100.0838,2026-03-26T05:39:04.793483
290000,107.078710,0.4490,-90.9925,2026-03-26T05:47:04.797632
300000,114.432380,0.4300,-110.9612,2026-03-26T05:55:05.573937
310000,106.285427,0.4110,-116.7000,2026-03-26T06:03:13.032590
320000,100.506926,0.3920,-117.3387,2026-03-26T06:11:16.832686
330000,104.960513,0.3730,-106.2975,2026-03-26T06:19:21.824004
340000,82.502142,0.3540,-119.7100,2026-03-26T06:27:26.765051
350000,81.606355,0.3350,-103.9425,2026-03-26T06:35:32.286580
360000,79.324866,0.3160,-130.5212,2026-03-26T06:43:40.985317
370000,79.761960,0.2970,-105.8825,2026-03-26T06:51:45.733007
380000,79.387533,0.2780,-113.5438,2026-03-26T06:59:54.969211
390000,80.999464,0.2590,-121.6475,2026-03-26T07:08:01.700489
400000,81.282372,0.2400,-107.0813,2026-03-26T07:16:10.808466
410000,85.795793,0.2210,-111.0975,2026-03-26T07:24:24.412041
420000,83.436582,0.2020,-119.9050,2026-03-26T07:32:41.625528
430000,84.883497,0.1830,-117.5363,2026-03-26T07:40:57.757648
440000,83.850048,0.1640,-113.6275,2026-03-26T07:49:04.893893
450000,83.003086,0.1450,-102.3087,2026-03-26T07:57:30.713105
460000,84.097918,0.1260,-115.7150,2026-03-26T08:05:42.182959
470000,82.046672,0.1070,-112.0375,2026-03-26T08:13:54.373071
480000,104.423705,0.0880,-111.8087,2026-03-26T08:22:10.586502
10000,107.766016,0.9810,-110.1175,2026-03-26T08:37:26.704238
20000,79.449891,0.9620,-107.9513,2026-03-26T08:45:40.350452
30000,77.340585,0.9430,-119.7175,2026-03-26T08:53:51.396535
40000,75.711181,0.9240,-115.1700,2026-03-26T09:01:58.906192
50000,77.856177,0.9050,-116.9137,2026-03-26T09:10:07.666177
60000,77.607679,0.8860,-110.7350,2026-03-26T09:18:17.484629
70000,82.188044,0.8670,-115.0387,2026-03-26T09:26:25.000583
80000,77.083872,0.8480,-106.2200,2026-03-26T09:34:34.519602
90000,77.709457,0.8290,-132.2612,2026-03-26T09:43:03.087300
100000,75.337004,0.8100,-91.8887,2026-03-26T09:51:04.568530
10000,894.409758,0.9010,648.0375,2026-03-26T20:51:11.951617
20000,20941.237549,0.8020,1095.4613,2026-03-26T21:09:37.907456
30000,76573.822026,0.7030,-8063.2174,2026-03-26T23:24:58.318511
40000,181321.603719,0.6040,-2564.6601,2026-03-26T23:43:50.755253
50000,325388.004441,0.5050,-8963.4514,2026-03-27T00:13:47.386275
60000,366279.867954,0.4060,-10697.9673,2026-03-27T00:33:43.811077
70000,248893.210809,0.3070,-11546.2725,2026-03-27T00:53:45.695380
80000,158595.411684,0.2080,-10747.8189,2026-03-27T01:13:39.944941
90000,77450.992578,0.1090,-12285.1313,2026-03-27T01:33:35.532078
100000,42105.302423,0.0100,-10979.8562,2026-03-27T01:53:44.025291
110000,22436.135707,0.0100,-11968.2762,2026-03-27T02:13:45.356006
120000,11080.504873,0.0100,-6808.8137,2026-03-27T02:33:54.268770
130000,6968.342061,0.0100,-9373.4262,2026-03-27T02:53:51.222543
140000,4579.734352,0.0100,-3503.6350,2026-03-27T03:13:25.743988
150000,3867.411229,0.0100,258.6388,2026-03-27T03:32:22.877603
160000,4909.221097,0.0100,-5549.0889,2026-03-27T03:52:14.520746
170000,4462.605565,0.0100,1053.2063,2026-03-27T04:11:18.820020
180000,5499.442725,0.0100,-1063.8275,2026-03-27T04:30:52.195427
190000,6147.387491,0.0100,2964.8387,2026-03-27T04:49:34.149999
200000,6770.097890,0.0100,-1418.6399,2026-03-27T05:09:15.981491
210000,7339.087531,0.0100,1126.0513,2026-03-27T05:28:32.685283
220000,8555.725283,0.0100,2939.2363,2026-03-27T05:47:29.585075
230000,9668.586352,0.0100,3592.7038,2026-03-27T06:06:30.529348
240000,11645.606135,0.0100,2193.2000,2026-03-27T06:25:49.310945
250000,15084.574692,0.0100,3588.7725,2026-03-27T06:45:06.157152
260000,17867.944850,0.0100,4147.6175,2026-03-27T07:04:12.356923
270000,21371.711209,0.0100,3387.6463,2026-03-27T07:23:03.268055
280000,25313.355490,0.0100,884.8138,2026-03-27T07:42:18.922297
290000,25462.285295,0.0100,8365.9864,2026-03-27T08:02:24.839908
300000,28206.372061,0.0100,15021.5539,2026-03-27T08:22:01.048380
310000,32972.120608,0.0100,11676.9988,2026-03-27T08:41:34.162864
320000,32653.341616,0.0100,31467.3376,2026-03-27T09:01:19.034813
330000,33294.388913,0.0100,58045.9047,2026-03-27T09:21:31.210354
340000,36207.026693,0.0100,18723.8973,2026-03-27T09:41:17.162782
350000,36148.160018,0.0100,57659.5939,2026-03-27T10:01:06.702722
360000,34237.266463,0.0100,47289.2327,2026-03-27T10:20:51.384504
370000,33890.285060,0.0100,43925.8976,2026-03-27T10:40:53.034127
380000,34195.480688,0.0100,62593.2080,2026-03-27T11:00:43.956791
390000,37335.939201,0.0100,60420.5905,2026-03-27T11:20:40.764850
400000,36081.589730,0.0100,33501.5064,2026-03-27T11:40:04.097914
410000,37993.161658,0.0100,39612.3064,2026-03-27T11:59:58.401177
10000,2831.623324,0.9010,-819.6719,2026-04-06T01:10:48.096016
20000,595.387935,0.8020,-645.1163,2026-04-06T01:29:03.867011
30000,510.935515,0.7030,-677.1350,2026-04-06T01:47:20.057066
40000,532.790803,0.6040,-649.8569,2026-04-06T02:05:36.066873
50000,807.315198,0.5050,-554.6025,2026-04-06T02:23:51.790705
60000,1547.049823,0.4060,-692.3750,2026-04-06T02:42:11.312448
70000,2066.694887,0.3070,-429.7556,2026-04-06T03:00:28.714514
80000,2461.096853,0.2080,-578.2256,2026-04-06T03:18:50.596621
90000,3147.899780,0.1090,-562.0788,2026-04-06T03:37:11.885283
100000,3595.076406,0.0100,-740.3838,2026-04-06T03:55:32.387554
110000,4210.632564,0.0100,-556.9669,2026-04-06T04:13:54.772603
120000,4768.419097,0.0100,-799.7331,2026-04-06T04:32:12.012114
130000,4955.707411,0.0100,-461.0100,2026-04-06T04:50:29.298853
140000,5315.287871,0.0100,-570.4994,2026-04-06T05:08:47.440411
150000,5397.902713,0.0100,-648.3363,2026-04-06T05:27:07.440743
160000,5259.305077,0.0100,-530.8669,2026-04-06T05:45:25.372820
170000,4888.833830,0.0100,-572.0875,2026-04-06T06:03:43.428129
180000,4970.516659,0.0100,-524.6200,2026-04-06T06:22:03.218270
190000,5082.930938,0.0100,-610.2631,2026-04-06T06:40:59.492038
200000,5015.652126,0.0100,-672.3669,2026-04-06T06:59:20.203217
210000,5138.248913,0.0100,-725.0006,2026-04-06T07:18:05.127602
220000,5126.158286,0.0100,-552.0463,2026-04-06T07:36:24.079583
230000,5202.974676,0.0100,-426.2413,2026-04-06T07:54:45.276099
240000,5174.903725,0.0100,-602.8800,2026-04-06T08:13:07.070097
250000,4950.459263,0.0100,-529.3981,2026-04-06T08:32:57.062999
260000,4858.434402,0.0100,-559.9300,2026-04-06T21:37:21.419413
270000,4687.870052,0.0100,-321.1113,2026-04-07T13:11:00.976809
280000,4683.877666,0.0100,-635.1656,2026-04-08T10:40:51.462020
290000,4820.189509,0.0100,-617.8944,2026-04-08T11:01:39.665947
